task_name,s_time,e_time,diff_time,seconds
LOAD,2015-08-18 23:16:12.206195,2015-08-19 01:15:04.350982,01:58:52.144787,7132.144787
PERF.POWER.RF1,2015-08-19 01:15:07.25603,2015-08-19 01:17:05.264121,00:01:58.008091,118.008091
PERF.POWER.Q14,2015-08-19 01:17:05.277045,2015-08-19 01:24:43.432861,00:07:38.155816,458.155816
PERF.POWER.Q2,2015-08-19 01:24:43.44511,2015-08-19 01:27:22.814018,00:02:39.368908,159.368908
PERF.POWER.Q9,2015-08-19 01:27:22.829635,2015-08-19 02:33:04.729409,01:05:41.899774,3941.899774
PERF.POWER.Q20,2015-08-19 02:33:04.757732,2015-08-19 02:44:53.493878,00:11:48.736146,708.736146
PERF.POWER.Q6,2015-08-19 02:44:53.511336,2015-08-19 02:47:29.480565,00:02:35.969229,155.969229
PERF.POWER.Q17,2015-08-19 02:47:29.493314,2015-08-19 02:47:31.814282,00:00:02.320968,2.320968
PERF.POWER.Q18,2015-08-19 02:47:31.825879,2015-08-19 03:03:06.864988,00:15:35.039109,935.039109
PERF.POWER.Q8,2015-08-19 03:03:06.894769,2015-08-19 03:09:30.370071,00:06:23.475302,383.475302
PERF.POWER.Q21,2015-08-19 03:09:30.382573,2015-08-19 03:21:05.680767,00:11:35.298194,695.298194
PERF.POWER.Q13,2015-08-19 03:21:05.693823,2015-08-19 03:28:06.255098,00:07:00.561275,420.561275
PERF.POWER.Q3,2015-08-19 03:28:06.26732,2015-08-19 03:32:30.387239,00:04:24.119919,264.119919
PERF.POWER.Q22,2015-08-19 03:32:30.399339,2015-08-19 03:33:43.478607,00:01:13.079268,73.079268
PERF.POWER.Q16,2015-08-19 03:33:43.490809,2015-08-19 03:38:12.832718,00:04:29.341909,269.341909
PERF.POWER.Q4,2015-08-19 03:38:12.845555,2015-08-19 03:39:17.64243,00:01:04.796875,64.796875
PERF.POWER.Q11,2015-08-19 03:39:17.655466,2015-08-19 03:40:05.347195,00:00:47.691729,47.691729
PERF.POWER.Q15,2015-08-19 03:40:05.359824,2015-08-19 03:42:42.107786,00:02:36.747962,156.747962
PERF.POWER.Q1,2015-08-19 03:42:42.120093,2015-08-19 03:53:49.232553,00:11:07.11246,667.11246
PERF.POWER.Q10,2015-08-19 03:53:49.244624,2015-08-19 03:56:37.589652,00:02:48.345028,168.345028
PERF.POWER.Q19,2015-08-19 03:56:37.60282,2015-08-19 03:56:52.136912,00:00:14.534092,14.534092
PERF.POWER.Q5,2015-08-19 03:56:52.149408,2015-08-19 03:59:43.189303,00:02:51.039895,171.039895
PERF.POWER.Q7,2015-08-19 03:59:43.203428,2015-08-19 04:04:54.816868,00:05:11.61344,311.61344
PERF.POWER.Q12,2015-08-19 04:04:54.830367,2015-08-19 04:06:46.537184,00:01:51.706817,111.706817
PERF.POWER.RF2,2015-08-19 04:06:46.546354,2015-08-19 04:10:36.87579,00:03:50.329436,230.329436
PERF.POWER,2015-08-19 01:15:07.237269,2015-08-19 04:10:36.882554,02:55:29.645285,10529.645285
PERF.THRUPUT.QS2.Q15,2015-08-19 05:17:13.245803,2015-08-19 05:21:30.245418,00:04:16.999615,256.999615
PERF.THRUPUT.QS8.Q19,2015-08-19 04:10:40.31236,2015-08-19 04:11:03.354605,00:00:23.042245,23.042245
PERF.THRUPUT.QS15.Q16,2015-08-19 04:10:40.324138,2015-08-19 04:15:28.486695,00:04:48.162557,288.162557
PERF.THRUPUT.QS5.Q9,2015-08-19 06:31:03.442889,2015-08-19 07:11:39.177849,00:40:35.73496,2435.73496
PERF.THRUPUT.QS14.Q2,2015-08-19 04:10:40.339325,2015-08-19 04:16:54.073546,00:06:13.734221,373.734221
PERF.THRUPUT.RFST1.RF1,2015-08-19 04:10:39.975627,2015-08-19 04:17:48.360857,00:07:08.38523,428.38523
PERF.THRUPUT.QS10.Q6,2015-08-19 04:10:40.325466,2015-08-19 04:19:41.542406,00:09:01.21694,541.21694
PERF.THRUPUT.QS2.Q6,2015-08-19 04:10:40.32031,2015-08-19 04:19:41.541967,00:09:01.221657,541.221657
PERF.THRUPUT.QS4.Q5,2015-08-19 04:10:40.317742,2015-08-19 04:19:41.567617,00:09:01.249875,541.249875
PERF.THRUPUT.QS1.Q20,2015-08-19 05:20:07.323627,2015-08-19 05:41:22.72082,00:21:15.397193,1275.397193
PERF.THRUPUT.QS3.Q8,2015-08-19 04:10:40.320555,2015-08-19 04:19:45.723424,00:09:05.402869,545.402869
PERF.THRUPUT.QS2.Q17,2015-08-19 04:19:41.559033,2015-08-19 04:19:47.658093,00:00:06.09906,6.09906
PERF.THRUPUT.QS9.Q8,2015-08-19 04:10:40.325429,2015-08-19 04:19:54.751958,00:09:14.426529,554.426529
PERF.THRUPUT.QS6.Q10,2015-08-19 04:10:40.317747,2015-08-19 04:21:05.23098,00:10:24.913233,624.913233
PERF.THRUPUT.QS12.Q1,2015-08-19 04:10:40.325639,2015-08-19 04:22:03.428392,00:11:23.102753,683.102753
PERF.THRUPUT.QS16.Q1,2015-08-19 04:10:40.333846,2015-08-19 04:22:08.444586,00:11:28.11074,688.11074
PERF.THRUPUT.QS8.Q1,2015-08-19 04:11:03.370563,2015-08-19 04:22:30.849737,00:11:27.479174,687.479174
PERF.THRUPUT.QS11.Q15,2015-08-19 04:10:40.326312,2015-08-19 04:23:04.933301,00:12:24.606989,744.606989
PERF.THRUPUT.QS2.Q14,2015-08-19 04:19:47.670899,2015-08-19 04:23:06.541629,00:03:18.87073,198.87073
PERF.THRUPUT.RFST1.RF2,2015-08-19 04:17:48.371487,2015-08-19 04:25:47.313571,00:07:58.942084,478.942084
PERF.THRUPUT.RFST1,2015-08-19 04:10:39.968944,2015-08-19 04:25:47.323019,00:15:07.354075,907.354075
PERF.THRUPUT.QS3.Q9,2015-08-19 05:19:34.589723,2015-08-19 05:59:45.890186,00:40:11.300463,2411.300463
PERF.THRUPUT.QS10.Q15,2015-08-19 04:19:41.556076,2015-08-19 04:26:49.423803,00:07:07.867727,427.867727
PERF.THRUPUT.QS9.Q7,2015-08-19 06:17:56.561451,2015-08-19 06:26:29.604443,00:08:33.042992,513.042992
PERF.THRUPUT.QS11.Q14,2015-08-19 04:23:04.946086,2015-08-19 04:27:02.618432,00:03:57.672346,237.672346
PERF.THRUPUT.QS16.Q13,2015-08-19 06:20:05.271538,2015-08-19 06:27:39.717548,00:07:34.44601,454.44601
PERF.THRUPUT.QS2.Q16,2015-08-19 04:23:06.554235,2015-08-19 04:27:13.270438,00:04:06.716203,246.716203
PERF.THRUPUT.QS7.Q18,2015-08-19 04:10:40.338883,2015-08-19 04:27:28.824247,00:16:48.485364,1008.485364
PERF.THRUPUT.QS2.Q19,2015-08-19 04:27:13.290942,2015-08-19 04:27:40.739091,00:00:27.448149,27.448149
PERF.THRUPUT.QS16.Q3,2015-08-19 04:22:08.457032,2015-08-19 04:29:35.025087,00:07:26.568055,446.568055
PERF.THRUPUT.QS9.Q13,2015-08-19 04:19:54.765596,2015-08-19 04:30:01.205664,00:10:06.440068,606.440068
PERF.THRUPUT.QS7.Q17,2015-08-19 05:21:26.682173,2015-08-19 05:21:43.169401,00:00:16.487228,16.487228
PERF.THRUPUT.QS8.Q15,2015-08-19 04:22:30.861981,2015-08-19 04:30:01.697893,00:07:30.835912,450.835912
PERF.THRUPUT.QS8.Q17,2015-08-19 04:30:01.716377,2015-08-19 04:30:09.30225,00:00:07.585873,7.585873
PERF.THRUPUT.QS5.Q11,2015-08-19 05:21:05.699448,2015-08-19 05:22:14.454624,00:01:08.755176,68.755176
PERF.THRUPUT.QS7.Q8,2015-08-19 04:27:28.878718,2015-08-19 04:30:33.942272,00:03:05.063554,185.063554
PERF.THRUPUT.QS12.Q7,2015-08-19 04:22:03.442863,2015-08-19 04:30:59.566533,00:08:56.12367,536.12367
PERF.THRUPUT.QS11.Q1,2015-08-19 05:08:06.155784,2015-08-19 05:24:14.688498,00:16:08.532714,968.532714
PERF.THRUPUT.QS6.Q3,2015-08-19 04:21:05.243836,2015-08-19 04:30:59.900075,00:09:54.656239,594.656239
PERF.THRUPUT.QS10.Q13,2015-08-19 05:14:48.273953,2015-08-19 05:24:39.955653,00:09:51.6817,591.6817
PERF.THRUPUT.QS3.Q5,2015-08-19 04:19:45.736404,2015-08-19 04:31:08.914745,00:11:23.178341,683.178341
PERF.THRUPUT.RFST2.RF1,2015-08-19 04:25:47.342175,2015-08-19 04:31:36.833632,00:05:49.491457,349.491457
PERF.THRUPUT.QS3.Q20,2015-08-19 06:09:20.825292,2015-08-19 06:28:17.740099,00:18:56.914807,1136.914807
PERF.THRUPUT.QS2.Q10,2015-08-19 04:27:40.759866,2015-08-19 04:31:59.91752,00:04:19.157654,259.157654
PERF.THRUPUT.QS16.Q6,2015-08-19 04:29:35.055801,2015-08-19 04:32:46.579481,00:03:11.52368,191.52368
PERF.THRUPUT.RFST6.RF2,2015-08-19 05:21:10.787336,2015-08-19 05:27:16.714456,00:06:05.92712,365.92712
PERF.THRUPUT.QS3.Q4,2015-08-19 04:31:08.968841,2015-08-19 04:32:51.785344,00:01:42.816503,102.816503
PERF.THRUPUT.QS14.Q9,2015-08-19 04:16:54.103163,2015-08-19 04:59:35.574207,00:42:41.471044,2561.471044
PERF.THRUPUT.RFST5,2015-08-19 05:00:10.659413,2015-08-19 05:10:03.663488,00:09:53.004075,593.004075
PERF.THRUPUT.QS10.Q2,2015-08-19 05:08:15.521264,2015-08-19 05:12:55.582625,00:04:40.061361,280.061361
PERF.THRUPUT.QS2.Q9,2015-08-19 04:31:59.93644,2015-08-19 05:13:29.427639,00:41:29.491199,2489.491199
PERF.THRUPUT.QS10.Q22,2015-08-19 05:12:55.607094,2015-08-19 05:14:48.149716,00:01:52.542622,112.542622
PERF.THRUPUT.QS13.Q12,2015-08-19 05:11:00.46513,2015-08-19 05:16:14.832123,00:05:14.366993,314.366993
PERF.THRUPUT.QS15.Q12,2015-08-19 05:11:06.26647,2015-08-19 05:16:14.832116,00:05:08.565646,308.565646
PERF.THRUPUT.QS2.Q2,2015-08-19 05:13:29.447897,2015-08-19 05:17:13.223367,00:03:43.77547,223.77547
PERF.THRUPUT.QS7.Q2,2015-08-19 05:13:34.719447,2015-08-19 05:17:13.628743,00:03:38.909296,218.909296
PERF.THRUPUT.QS5.Q14,2015-08-19 05:16:14.519432,2015-08-19 05:19:20.448694,00:03:05.929262,185.929262
PERF.THRUPUT.QS3.Q14,2015-08-19 05:18:01.463872,2015-08-19 05:19:34.569744,00:01:33.105872,93.105872
PERF.THRUPUT.QS15.Q6,2015-08-19 05:16:14.85449,2015-08-19 05:19:43.699595,00:03:28.845105,208.845105
PERF.THRUPUT.QS8.Q2,2015-08-19 06:24:05.44634,2015-08-19 06:28:27.016729,00:04:21.570389,261.570389
PERF.THRUPUT.QS1.Q6,2015-08-19 05:16:16.325663,2015-08-19 05:20:07.203236,00:03:50.877573,230.877573
PERF.THRUPUT.QS5.Q22,2015-08-19 05:19:20.478396,2015-08-19 05:21:05.682074,00:01:45.203678,105.203678
PERF.THRUPUT.RFST6.RF1,2015-08-19 05:10:03.802888,2015-08-19 05:21:10.773938,00:11:06.97105,666.97105
PERF.THRUPUT.RFST12,2015-08-19 06:20:08.607796,2015-08-19 06:30:23.789028,00:10:15.181232,615.181232
PERF.THRUPUT.QS6.Q2,2015-08-19 06:28:08.009351,2015-08-19 06:32:00.620115,00:03:52.610764,232.610764
PERF.THRUPUT.QS14.Q21,2015-08-19 06:11:36.004693,2015-08-19 06:33:09.017688,00:21:33.012995,1293.012995
PERF.THRUPUT.QS6.Q14,2015-08-19 06:32:00.677746,2015-08-19 06:33:55.084879,00:01:54.407133,114.407133
PERF.THRUPUT.QS6.Q19,2015-08-19 06:33:55.997298,2015-08-19 06:34:13.486887,00:00:17.489589,17.489589
PERF.THRUPUT.QS5.ALL,2015-08-19 04:10:40.307295,2015-08-19 07:11:39.188748,03:00:58.881453,10858.881453
PERF.THRUPUT.QS11.ALL,2015-08-19 04:10:40.314549,2015-08-19 07:11:48.705377,03:01:08.390828,10868.390828
PERF.THRUPUT.QS13.ALL,2015-08-19 04:10:40.304304,2015-08-19 07:13:28.399945,03:02:48.095641,10968.095641
PERF.THRUPUT.QS6.ALL,2015-08-19 04:10:40.306462,2015-08-19 07:13:32.72148,03:02:52.415018,10972.415018
PERF.THRUPUT.QS10.ALL,2015-08-19 04:10:40.313589,2015-08-19 07:14:13.06628,03:03:32.752691,11012.752691
PERF.THRUPUT.QS3.ALL,2015-08-19 04:10:40.308994,2015-08-19 07:14:26.191306,03:03:45.882312,11025.882312
PERF.THRUPUT.QS1.ALL,2015-08-19 04:10:40.31152,2015-08-19 07:15:43.412204,03:05:03.100684,11103.100684
PERF.THRUPUT.QS9.ALL,2015-08-19 04:10:40.312231,2015-08-19 07:16:24.099026,03:05:43.786795,11143.786795
PERF.THRUPUT,2015-08-19 04:10:39.949934,2015-08-19 07:16:24.109504,03:05:44.15957,11144.15957
PERF.THRUPUT.QS6.Q15,2015-08-19 04:30:59.939132,2015-08-19 04:34:36.459599,00:03:36.520467,216.520467
PERF.THRUPUT.QS9.Q2,2015-08-19 04:30:01.23176,2015-08-19 04:35:06.797354,00:05:05.565594,305.565594
PERF.THRUPUT.QS12.Q16,2015-08-19 04:30:59.587085,2015-08-19 04:35:09.781578,00:04:10.194493,250.194493
PERF.THRUPUT.QS12.Q17,2015-08-19 04:35:09.794751,2015-08-19 04:35:16.676439,00:00:06.881688,6.881688
PERF.THRUPUT.QS8.Q5,2015-08-19 04:30:09.334332,2015-08-19 04:35:37.569983,00:05:28.235651,328.235651
PERF.THRUPUT.QS3.Q6,2015-08-19 04:32:51.806613,2015-08-19 04:36:41.308002,00:03:49.501389,229.501389
PERF.THRUPUT.QS3.Q17,2015-08-19 04:36:41.321482,2015-08-19 04:36:46.249836,00:00:04.928354,4.928354
PERF.THRUPUT.QS16.Q5,2015-08-19 04:32:46.594779,2015-08-19 04:36:55.024928,00:04:08.430149,248.430149
PERF.THRUPUT.QS13.Q21,2015-08-19 04:10:40.316717,2015-08-19 04:37:56.480522,00:27:16.163805,1636.163805
PERF.THRUPUT.QS5.Q21,2015-08-19 04:10:40.318664,2015-08-19 04:37:56.516124,00:27:16.19746,1636.19746
PERF.THRUPUT.QS1.Q21,2015-08-19 04:10:40.324473,2015-08-19 04:37:56.543647,00:27:16.219174,1636.219174
PERF.THRUPUT.QS13.Q17,2015-08-19 04:37:56.494679,2015-08-19 04:38:03.534906,00:00:07.040227,7.040227
PERF.THRUPUT.RFST2.RF2,2015-08-19 04:31:36.846442,2015-08-19 04:38:30.375612,00:06:53.52917,413.52917
PERF.THRUPUT.RFST2,2015-08-19 04:25:47.334768,2015-08-19 04:38:30.437196,00:12:43.102428,763.102428
PERF.THRUPUT.QS8.Q8,2015-08-19 04:35:37.584999,2015-08-19 04:39:10.136619,00:03:32.55162,212.55162
PERF.THRUPUT.QS16.Q2,2015-08-19 04:36:55.040814,2015-08-19 04:41:41.120314,00:04:46.0795,286.0795
PERF.THRUPUT.QS11.Q18,2015-08-19 04:27:02.691607,2015-08-19 04:41:47.923408,00:14:45.231801,885.231801
PERF.THRUPUT.QS10.Q18,2015-08-19 04:26:49.452031,2015-08-19 04:41:47.937654,00:14:58.485623,898.485623
PERF.THRUPUT.QS11.Q17,2015-08-19 04:41:47.947233,2015-08-19 04:42:00.410545,00:00:12.463312,12.463312
PERF.THRUPUT.QS10.Q17,2015-08-19 04:41:47.952875,2015-08-19 04:42:00.496312,00:00:12.543437,12.543437
PERF.THRUPUT.QS4.Q21,2015-08-19 04:19:41.584147,2015-08-19 04:44:32.336519,00:24:50.752372,1490.752372
PERF.THRUPUT.RFST3.RF1,2015-08-19 04:38:30.595322,2015-08-19 04:44:35.377466,00:06:04.782144,364.782144
PERF.THRUPUT.QS16.Q16,2015-08-19 04:41:41.150072,2015-08-19 04:44:37.308813,00:02:56.158741,176.158741
PERF.THRUPUT.QS5.Q15,2015-08-19 04:37:56.529896,2015-08-19 04:44:50.987308,00:06:54.457412,414.457412
PERF.THRUPUT.QS6.Q13,2015-08-19 04:34:36.473871,2015-08-19 04:45:16.259439,00:10:39.785568,639.785568
PERF.THRUPUT.QS10.Q12,2015-08-19 04:42:00.50988,2015-08-19 04:45:29.522844,00:03:29.012964,209.012964
PERF.THRUPUT.QS3.Q7,2015-08-19 04:36:46.265201,2015-08-19 04:45:30.124822,00:08:43.859621,523.859621
PERF.THRUPUT.RFST9.RF1,2015-08-19 05:48:07.462388,2015-08-19 05:51:28.030991,00:03:20.568603,200.568603
PERF.THRUPUT.QS1.Q3,2015-08-19 04:37:56.559752,2015-08-19 04:45:35.542887,00:07:38.983135,458.983135
PERF.THRUPUT.QS4.Q14,2015-08-19 04:44:32.356093,2015-08-19 04:45:53.248027,00:01:20.891934,80.891934
PERF.THRUPUT.QS16.Q14,2015-08-19 04:44:37.323198,2015-08-19 04:45:55.594606,00:01:18.271408,78.271408
PERF.THRUPUT.QS4.Q19,2015-08-19 04:45:53.264371,2015-08-19 04:46:03.655898,00:00:10.391527,10.391527
PERF.THRUPUT.QS13.Q7,2015-08-19 04:38:03.550498,2015-08-19 04:46:14.143937,00:08:10.593439,490.593439
PERF.THRUPUT.QS5.Q4,2015-08-19 04:44:51.00326,2015-08-19 04:46:38.310417,00:01:47.307157,107.307157
PERF.THRUPUT.QS11.Q10,2015-08-19 04:42:00.473834,2015-08-19 04:46:39.205393,00:04:38.731559,278.731559
PERF.THRUPUT.QS4.Q2,2015-08-19 05:47:04.751293,2015-08-19 05:51:42.752224,00:04:38.000931,278.000931
PERF.THRUPUT.QS16.Q22,2015-08-19 04:45:55.610176,2015-08-19 04:47:42.685173,00:01:47.074997,107.074997
PERF.THRUPUT.QS16.Q17,2015-08-19 04:47:42.703113,2015-08-19 04:47:46.407194,00:00:03.704081,3.704081
PERF.THRUPUT.QS6.Q6,2015-08-19 04:45:16.277016,2015-08-19 04:48:20.798792,00:03:04.521776,184.521776
PERF.THRUPUT.QS5.Q6,2015-08-19 04:46:38.384551,2015-08-19 04:50:01.284933,00:03:22.900382,202.900382
PERF.THRUPUT.QS4.Q15,2015-08-19 04:46:03.671346,2015-08-19 04:50:02.29117,00:03:58.619824,238.619824
PERF.THRUPUT.QS4.Q17,2015-08-19 04:50:02.309941,2015-08-19 04:50:05.625297,00:00:03.315356,3.315356
PERF.THRUPUT.QS7.Q20,2015-08-19 04:30:33.996527,2015-08-19 04:50:35.539928,00:20:01.543401,1201.543401
PERF.THRUPUT.RFST3.RF2,2015-08-19 04:44:35.390114,2015-08-19 04:50:40.139608,00:06:04.749494,364.749494
PERF.THRUPUT.RFST3,2015-08-19 04:38:30.528627,2015-08-19 04:50:40.150865,00:12:09.622238,729.622238
PERF.THRUPUT.QS13.Q3,2015-08-19 04:46:14.215307,2015-08-19 04:51:45.759589,00:05:31.544282,331.544282
PERF.THRUPUT.QS1.Q15,2015-08-19 05:47:33.385741,2015-08-19 05:52:09.050412,00:04:35.664671,275.664671
PERF.THRUPUT.QS6.Q8,2015-08-19 04:48:20.814356,2015-08-19 04:51:53.813183,00:03:32.998827,212.998827
PERF.THRUPUT.QS4.Q12,2015-08-19 04:50:05.6459,2015-08-19 04:53:51.599666,00:03:45.953766,225.953766
PERF.THRUPUT.RFST4.RF1,2015-08-19 04:50:40.175157,2015-08-19 04:54:13.101225,00:03:32.926068,212.926068
PERF.THRUPUT.QS12.Q18,2015-08-19 04:35:16.692367,2015-08-19 04:54:24.093365,00:19:07.400998,1147.400998
PERF.THRUPUT.QS9.Q20,2015-08-19 04:35:06.810914,2015-08-19 04:55:39.059665,00:20:32.248751,1232.248751
PERF.THRUPUT.QS9.Q17,2015-08-19 04:55:39.074042,2015-08-19 04:55:44.946971,00:00:05.872929,5.872929
PERF.THRUPUT.QS12.Q22,2015-08-19 04:54:24.111145,2015-08-19 04:56:05.915007,00:01:41.803862,101.803862
PERF.THRUPUT.QS5.Q7,2015-08-19 04:50:01.302506,2015-08-19 04:57:33.933037,00:07:32.630531,452.630531
PERF.THRUPUT.QS4.Q6,2015-08-19 04:53:51.671864,2015-08-19 04:57:48.447636,00:03:56.775772,236.775772
PERF.THRUPUT.QS15.Q9,2015-08-19 04:15:28.836468,2015-08-19 04:58:48.15651,00:43:19.320042,2599.320042
PERF.THRUPUT.QS15.Q17,2015-08-19 04:58:48.177707,2015-08-19 04:58:51.467841,00:00:03.290134,3.290134
PERF.THRUPUT.QS16.Q10,2015-08-19 05:47:05.571791,2015-08-19 05:52:31.043541,00:05:25.47175,325.47175
PERF.THRUPUT.QS12.Q12,2015-08-19 04:56:05.929153,2015-08-19 04:59:21.784954,00:03:15.855801,195.855801
PERF.THRUPUT.QS5.Q2,2015-08-19 05:48:55.120383,2015-08-19 05:53:15.505857,00:04:20.385474,260.385474
PERF.THRUPUT.QS4.Q4,2015-08-19 04:57:48.465827,2015-08-19 04:59:38.510748,00:01:50.044921,110.044921
PERF.THRUPUT.RFST4.RF2,2015-08-19 04:54:13.115705,2015-08-19 05:00:10.639751,00:05:57.524046,357.524046
PERF.THRUPUT.RFST4,2015-08-19 04:50:40.165421,2015-08-19 05:00:10.649364,00:09:30.483943,570.483943
PERF.THRUPUT.QS4.ALL,2015-08-19 04:10:40.305864,2015-08-19 07:10:40.534752,03:00:00.228888,10800.228888
PERF.THRUPUT.QS12.Q2,2015-08-19 05:49:42.079885,2015-08-19 05:53:25.540558,00:03:43.460673,223.460673
PERF.THRUPUT.QS1.Q18,2015-08-19 04:45:35.559449,2015-08-19 05:00:25.4254,00:14:49.865951,889.865951
PERF.THRUPUT.QS2.Q21,2015-08-19 06:50:33.895645,2015-08-19 07:10:43.130902,00:20:09.235257,1209.235257
PERF.THRUPUT.QS5.Q16,2015-08-19 04:57:33.948273,2015-08-19 05:00:26.861258,00:02:52.912985,172.912985
PERF.THRUPUT.QS5.Q19,2015-08-19 05:00:26.903984,2015-08-19 05:00:38.981358,00:00:12.077374,12.077374
PERF.THRUPUT.QS10.Q1,2015-08-19 04:45:29.538125,2015-08-19 05:00:45.946093,00:15:16.407968,916.407968
PERF.THRUPUT.QS7.Q21,2015-08-19 04:50:35.557712,2015-08-19 05:13:34.693149,00:22:59.135437,1379.135437
PERF.THRUPUT.QS5.Q18,2015-08-19 05:00:39.01928,2015-08-19 05:16:14.496516,00:15:35.477236,935.477236
PERF.THRUPUT.QS8.Q9,2015-08-19 04:39:10.157102,2015-08-19 05:21:38.659224,00:42:28.502122,2548.502122
PERF.THRUPUT.QS2.Q8,2015-08-19 05:21:30.387143,2015-08-19 05:25:09.874614,00:03:39.487471,219.487471
PERF.THRUPUT.QS11.Q22,2015-08-19 05:29:42.539457,2015-08-19 05:31:25.314754,00:01:42.775297,102.775297
PERF.THRUPUT.QS6.Q9,2015-08-19 04:51:53.855402,2015-08-19 05:31:56.495409,00:40:02.640007,2402.640007
PERF.THRUPUT.RFST7.RF1,2015-08-19 05:27:16.749648,2015-08-19 05:32:43.547474,00:05:26.797826,326.797826
PERF.THRUPUT.QS11.Q5,2015-08-19 05:31:25.336423,2015-08-19 05:36:02.036766,00:04:36.700343,276.700343
PERF.THRUPUT.QS8.Q4,2015-08-19 05:34:28.012616,2015-08-19 05:36:20.718245,00:01:52.705629,112.705629
PERF.THRUPUT.RFST7.RF2,2015-08-19 05:32:43.558943,2015-08-19 05:38:47.772899,00:06:04.213956,364.213956
PERF.THRUPUT.QS4.Q9,2015-08-19 04:59:38.528615,2015-08-19 05:39:36.695848,00:39:58.167233,2398.167233
PERF.THRUPUT.RFST8.RF1,2015-08-19 05:38:47.801849,2015-08-19 05:41:45.817377,00:02:58.015528,178.015528
PERF.THRUPUT.QS15.Q7,2015-08-19 05:38:17.84185,2015-08-19 05:44:56.306957,00:06:38.465107,398.465107
PERF.THRUPUT.QS9.Q18,2015-08-19 05:28:45.095249,2015-08-19 05:46:50.505087,00:18:05.409838,1085.409838
PERF.THRUPUT.QS4.Q11,2015-08-19 05:45:48.62849,2015-08-19 05:47:04.733065,00:01:16.104575,76.104575
PERF.THRUPUT.QS9.Q11,2015-08-19 05:46:50.524681,2015-08-19 05:47:55.103177,00:01:04.578496,64.578496
PERF.THRUPUT.QS9.Q19,2015-08-19 05:47:55.121003,2015-08-19 05:48:05.963694,00:00:10.842691,10.842691
PERF.THRUPUT.QS12.Q4,2015-08-19 05:47:26.178833,2015-08-19 05:49:42.01991,00:02:15.841077,135.841077
PERF.THRUPUT.QS10.Q14,2015-08-19 05:49:11.021236,2015-08-19 05:50:51.80226,00:01:40.781024,100.781024
PERF.THRUPUT.QS9.Q10,2015-08-19 05:48:05.979719,2015-08-19 05:53:28.745578,00:05:22.765859,322.765859
PERF.THRUPUT.QS1.Q13,2015-08-19 05:52:09.069318,2015-08-19 06:03:19.938973,00:11:10.869655,670.869655
PERF.THRUPUT.QS2.Q18,2015-08-19 05:49:57.279587,2015-08-19 06:05:02.686249,00:15:05.406662,905.406662
PERF.THRUPUT.QS9.Q12,2015-08-19 06:26:29.620745,2015-08-19 06:29:33.189692,00:03:03.568947,183.568947
PERF.THRUPUT.QS3.Q2,2015-08-19 06:28:17.759725,2015-08-19 06:32:06.698521,00:03:48.938796,228.938796
PERF.THRUPUT.QS10.Q9,2015-08-19 05:50:51.870227,2015-08-19 06:34:13.988577,00:43:22.11835,2602.11835
PERF.THRUPUT.QS16.Q7,2015-08-19 06:27:39.917704,2015-08-19 06:37:10.409686,00:09:30.491982,570.491982
PERF.THRUPUT.QS14.Q13,2015-08-19 06:33:09.043352,2015-08-19 06:41:44.511468,00:08:35.468116,515.468116
PERF.THRUPUT.RFST13,2015-08-19 06:30:23.8003,2015-08-19 06:42:19.954792,00:11:56.154492,716.154492
PERF.THRUPUT.QS8.Q21,2015-08-19 06:28:27.034291,2015-08-19 06:50:52.198825,00:22:25.164534,1345.164534
PERF.THRUPUT.QS13.Q19,2015-08-19 07:13:21.547595,2015-08-19 07:13:28.392582,00:00:06.844987,6.844987
PERF.THRUPUT.QS10.Q5,2015-08-19 07:10:57.092201,2015-08-19 07:14:13.058147,00:03:15.965946,195.965946
PERF.THRUPUT.RFST16.RF2,2015-08-19 07:09:31.863498,2015-08-19 07:14:20.892358,00:04:49.02886,289.02886
PERF.THRUPUT.QS3.Q3,2015-08-19 07:10:37.11266,2015-08-19 07:14:26.183659,00:03:49.070999,229.070999
PERF.THRUPUT.QS9.Q5,2015-08-19 07:11:37.906688,2015-08-19 07:14:38.77122,00:03:00.864532,180.864532
PERF.THRUPUT.QS9.Q16,2015-08-19 07:14:38.783647,2015-08-19 07:16:24.091059,00:01:45.307412,105.307412
PERF.THRUPUT.QS9.Q3,2015-08-19 04:55:44.96104,2015-08-19 05:00:51.627293,00:05:06.666253,306.666253
PERF.THRUPUT.QS15.Q8,2015-08-19 04:58:51.482159,2015-08-19 05:02:04.384598,00:03:12.902439,192.902439
PERF.THRUPUT.QS3.Q1,2015-08-19 04:45:30.142577,2015-08-19 05:02:11.901387,00:16:41.75881,1001.75881
PERF.THRUPUT.QS12.Q6,2015-08-19 04:59:21.802384,2015-08-19 05:02:38.219952,00:03:16.417568,196.417568
PERF.THRUPUT.RFST5.RF1,2015-08-19 05:00:10.667017,2015-08-19 05:03:02.927993,00:02:52.260976,172.260976
PERF.THRUPUT.QS15.Q14,2015-08-19 05:02:04.476468,2015-08-19 05:03:48.892624,00:01:44.416156,104.416156
PERF.THRUPUT.QS11.Q20,2015-08-19 04:46:39.26081,2015-08-19 05:03:52.150047,00:17:12.889237,1032.889237
PERF.THRUPUT.QS9.Q6,2015-08-19 05:00:51.684842,2015-08-19 05:04:13.050855,00:03:21.366013,201.366013
PERF.THRUPUT.QS14.Q5,2015-08-19 04:59:35.596611,2015-08-19 05:04:27.750622,00:04:52.154011,292.154011
PERF.THRUPUT.QS16.Q20,2015-08-19 04:47:46.421626,2015-08-19 05:04:32.962944,00:16:46.541318,1006.541318
PERF.THRUPUT.QS15.Q11,2015-08-19 05:03:48.910481,2015-08-19 05:05:04.024792,00:01:15.114311,75.114311
PERF.THRUPUT.QS1.Q5,2015-08-19 05:00:25.472336,2015-08-19 05:05:21.393162,00:04:55.920826,295.920826
PERF.THRUPUT.QS13.Q1,2015-08-19 04:51:45.867065,2015-08-19 05:05:37.450782,00:13:51.583717,831.583717
PERF.THRUPUT.QS12.Q8,2015-08-19 05:02:38.270752,2015-08-19 05:05:59.676856,00:03:21.406104,201.406104
PERF.THRUPUT.QS14.Q4,2015-08-19 05:04:27.765869,2015-08-19 05:06:23.544141,00:01:55.778272,115.778272
PERF.THRUPUT.QS16.Q4,2015-08-19 05:04:32.977536,2015-08-19 05:06:23.54378,00:01:50.566244,110.566244
PERF.THRUPUT.QS11.Q16,2015-08-19 05:03:52.173294,2015-08-19 05:06:43.574994,00:02:51.4017,171.4017
PERF.THRUPUT.QS1.Q11,2015-08-19 05:05:21.488267,2015-08-19 05:06:51.328661,00:01:29.840394,89.840394
PERF.THRUPUT.QS11.Q11,2015-08-19 05:06:43.592731,2015-08-19 05:08:06.138181,00:01:22.54545,82.54545
PERF.THRUPUT.QS10.Q7,2015-08-19 05:00:45.974567,2015-08-19 05:08:15.507419,00:07:29.532852,449.532852
PERF.THRUPUT.RFST5.RF2,2015-08-19 05:03:02.942078,2015-08-19 05:10:03.591018,00:07:00.64894,420.64894
PERF.THRUPUT.QS13.Q10,2015-08-19 05:05:37.502215,2015-08-19 05:11:00.251949,00:05:22.749734,322.749734
PERF.THRUPUT.QS15.Q10,2015-08-19 05:05:04.042097,2015-08-19 05:11:06.249804,00:06:02.207707,362.207707
PERF.THRUPUT.QS3.Q18,2015-08-19 05:02:12.138712,2015-08-19 05:16:14.85424,00:14:02.715528,842.715528
PERF.THRUPUT.QS1.Q7,2015-08-19 05:06:51.362376,2015-08-19 05:16:16.242431,00:09:24.880055,564.880055
PERF.THRUPUT.QS3.Q22,2015-08-19 05:16:14.868426,2015-08-19 05:18:01.440676,00:01:46.57225,106.57225
PERF.THRUPUT.QS13.Q22,2015-08-19 05:16:14.854265,2015-08-19 05:18:01.636087,00:01:46.781822,106.781822
PERF.THRUPUT.RFST16.RF1,2015-08-19 07:03:52.40406,2015-08-19 07:09:31.849691,00:05:39.445631,339.445631
PERF.THRUPUT.QS7.Q4,2015-08-19 05:17:13.653953,2015-08-19 05:19:43.861009,00:02:30.207056,150.207056
PERF.THRUPUT.QS7.Q22,2015-08-19 05:19:43.884151,2015-08-19 05:21:26.619647,00:01:42.735496,102.735496
PERF.THRUPUT.QS14.Q18,2015-08-19 05:06:23.619564,2015-08-19 05:22:32.70046,00:16:09.080896,969.080896
PERF.THRUPUT.QS8.Q12,2015-08-19 05:21:38.676121,2015-08-19 05:25:12.659548,00:03:33.983427,213.983427
PERF.THRUPUT.QS8.Q14,2015-08-19 05:25:12.686577,2015-08-19 05:26:50.799747,00:01:38.11317,98.11317
PERF.THRUPUT.RFST6,2015-08-19 05:10:03.742856,2015-08-19 05:27:16.728649,00:17:12.985793,1032.985793
PERF.THRUPUT.QS11.Q8,2015-08-19 05:24:14.704115,2015-08-19 05:27:40.973665,00:03:26.26955,206.26955
PERF.THRUPUT.QS9.Q21,2015-08-19 05:04:13.066578,2015-08-19 05:28:45.038969,00:24:31.972391,1471.972391
PERF.THRUPUT.QS3.Q12,2015-08-19 07:07:46.134372,2015-08-19 07:10:37.098272,00:02:50.9639,170.9639
PERF.THRUPUT.QS2.Q5,2015-08-19 05:25:09.891165,2015-08-19 05:29:41.103204,00:04:31.212039,271.212039
PERF.THRUPUT.QS11.Q4,2015-08-19 05:27:41.003155,2015-08-19 05:29:42.508051,00:02:01.504896,121.504896
PERF.THRUPUT.QS5.Q13,2015-08-19 05:22:14.470159,2015-08-19 05:29:59.350231,00:07:44.880072,464.880072
PERF.THRUPUT.QS2.Q22,2015-08-19 05:29:41.131737,2015-08-19 05:31:25.230221,00:01:44.098484,104.098484
PERF.THRUPUT.QS8.Q7,2015-08-19 05:26:50.816567,2015-08-19 05:34:27.994155,00:07:37.177588,457.177588
PERF.THRUPUT.QS2.Q12,2015-08-19 05:31:25.273251,2015-08-19 05:35:01.120307,00:03:35.847056,215.847056
PERF.THRUPUT.QS5.Q3,2015-08-19 05:29:59.381661,2015-08-19 05:35:05.682564,00:05:06.300903,306.300903
PERF.THRUPUT.QS7.Q1,2015-08-19 05:21:43.183683,2015-08-19 05:35:07.994804,00:13:24.811121,804.811121
PERF.THRUPUT.QS7.Q11,2015-08-19 05:35:08.011389,2015-08-19 05:36:39.820516,00:01:31.809127,91.809127
PERF.THRUPUT.QS15.Q21,2015-08-19 05:19:43.722718,2015-08-19 05:38:17.824825,00:18:34.102107,1114.102107
PERF.THRUPUT.QS14.Q1,2015-08-19 05:22:32.77992,2015-08-19 05:38:18.784795,00:15:46.004875,946.004875
PERF.THRUPUT.QS9.Q9,2015-08-19 06:29:33.25781,2015-08-19 07:10:38.650729,00:41:05.392919,2465.392919
PERF.THRUPUT.QS6.Q7,2015-08-19 05:31:56.561448,2015-08-19 05:38:46.920587,00:06:50.359139,410.359139
PERF.THRUPUT.RFST7,2015-08-19 05:27:16.741551,2015-08-19 05:38:47.783553,00:11:31.042002,691.042002
PERF.THRUPUT.QS11.Q12,2015-08-19 05:36:02.054175,2015-08-19 05:39:24.430109,00:03:22.375934,202.375934
PERF.THRUPUT.QS6.Q4,2015-08-19 05:38:46.935487,2015-08-19 05:40:52.292447,00:02:05.35696,125.35696
PERF.THRUPUT.QS1.Q17,2015-08-19 05:41:22.772186,2015-08-19 05:41:27.449383,00:00:04.677197,4.677197
PERF.THRUPUT.QS8.Q3,2015-08-19 05:36:20.738038,2015-08-19 05:41:39.895616,00:05:19.157578,319.157578
PERF.THRUPUT.QS2.Q7,2015-08-19 05:35:01.137218,2015-08-19 05:42:00.143451,00:06:59.006233,419.006233
PERF.THRUPUT.QS6.Q11,2015-08-19 05:40:52.377498,2015-08-19 05:42:23.532197,00:01:31.154699,91.154699
PERF.THRUPUT.QS4.Q8,2015-08-19 05:39:36.724031,2015-08-19 05:43:19.742804,00:03:43.018773,223.018773
PERF.THRUPUT.QS6.Q22,2015-08-19 05:42:23.552906,2015-08-19 05:44:13.992805,00:01:50.439899,110.439899
PERF.THRUPUT.QS10.Q21,2015-08-19 05:24:39.969555,2015-08-19 05:44:21.53269,00:19:41.563135,1181.563135
PERF.THRUPUT.QS11.Q3,2015-08-19 05:39:24.493293,2015-08-19 05:44:51.39708,00:05:26.903787,326.903787
PERF.THRUPUT.QS1.Q12,2015-08-19 05:41:27.513159,2015-08-19 05:45:13.423272,00:03:45.910113,225.910113
PERF.THRUPUT.QS4.Q16,2015-08-19 05:43:19.820908,2015-08-19 05:45:48.610309,00:02:28.789401,148.789401
PERF.THRUPUT.QS2.ALL,2015-08-19 04:10:40.308513,2015-08-19 07:10:43.139149,03:00:02.830636,10802.830636
PERF.THRUPUT.QS12.Q9,2015-08-19 05:05:59.693427,2015-08-19 05:46:18.315518,00:40:18.622091,2418.622091
PERF.THRUPUT.QS16.Q9,2015-08-19 05:06:23.668628,2015-08-19 05:47:05.554569,00:40:41.885941,2441.885941
PERF.THRUPUT.QS12.Q11,2015-08-19 05:46:18.330146,2015-08-19 05:47:26.163212,00:01:07.833066,67.833066
PERF.THRUPUT.QS1.Q16,2015-08-19 05:45:13.441468,2015-08-19 05:47:33.367973,00:02:19.926505,139.926505
PERF.THRUPUT.RFST8.RF2,2015-08-19 05:41:45.832451,2015-08-19 05:48:07.437539,00:06:21.605088,381.605088
PERF.THRUPUT.RFST8,2015-08-19 05:38:47.793537,2015-08-19 05:48:07.445654,00:09:19.652117,559.652117
PERF.THRUPUT.QS5.Q1,2015-08-19 05:35:05.697469,2015-08-19 05:48:55.070777,00:13:49.373308,829.373308
PERF.THRUPUT.QS10.Q10,2015-08-19 05:44:21.551247,2015-08-19 05:49:10.962773,00:04:49.411526,289.411526
PERF.THRUPUT.QS2.Q13,2015-08-19 05:42:00.159397,2015-08-19 05:49:56.441312,00:07:56.281915,476.281915
PERF.THRUPUT.QS15.Q3,2015-08-19 05:44:56.375634,2015-08-19 05:50:13.601779,00:05:17.226145,317.226145
PERF.THRUPUT.QS8.Q20,2015-08-19 05:41:39.968626,2015-08-19 06:00:31.163745,00:18:51.195119,1131.195119
PERF.THRUPUT.QS7.Q9,2015-08-19 05:36:39.840724,2015-08-19 06:18:23.818195,00:41:43.977471,2503.977471
PERF.THRUPUT.QS11.Q9,2015-08-19 05:44:51.415539,2015-08-19 06:26:22.199651,00:41:30.784112,2490.784112
PERF.THRUPUT.RFST13.RF1,2015-08-19 06:30:23.807759,2015-08-19 06:36:14.306953,00:05:50.499194,350.499194
PERF.THRUPUT.QS4.Q7,2015-08-19 06:34:13.525151,2015-08-19 06:42:58.329935,00:08:44.804784,524.804784
PERF.THRUPUT.QS15.Q19,2015-08-19 06:44:53.223088,2015-08-19 06:45:05.273714,00:00:12.050626,12.050626
PERF.THRUPUT.QS7.Q7,2015-08-19 06:38:17.759807,2015-08-19 06:45:16.04342,00:06:58.283613,418.283613
PERF.THRUPUT.RFST14,2015-08-19 06:42:19.96633,2015-08-19 06:52:28.892295,00:10:08.925965,608.925965
PERF.THRUPUT.QS11.Q2,2015-08-19 06:49:17.061638,2015-08-19 06:53:23.377881,00:04:06.316243,246.316243
PERF.THRUPUT.QS6.Q17,2015-08-19 06:53:33.772014,2015-08-19 06:53:36.753193,00:00:02.981179,2.981179
PERF.THRUPUT.QS3.Q19,2015-08-19 06:53:56.085496,2015-08-19 06:54:22.849769,00:00:26.764273,26.764273
PERF.THRUPUT.RFST15.RF1,2015-08-19 06:52:28.91351,2015-08-19 06:57:01.762567,00:04:32.849057,272.849057
PERF.THRUPUT.QS16.Q21,2015-08-19 06:37:10.426578,2015-08-19 06:57:47.182189,00:20:36.755611,1236.755611
PERF.THRUPUT.QS3.Q16,2015-08-19 07:04:02.135308,2015-08-19 07:07:46.101154,00:03:43.965846,223.965846
PERF.THRUPUT.QS7.Q12,2015-08-19 07:04:40.384898,2015-08-19 07:07:59.273127,00:03:18.888229,198.888229
PERF.THRUPUT.QS7.ALL,2015-08-19 04:10:40.327267,2015-08-19 07:07:59.326715,02:57:18.999448,10638.999448
PERF.THRUPUT.QS14.Q6,2015-08-19 07:04:27.201796,2015-08-19 07:08:00.989937,00:03:33.788141,213.788141
PERF.THRUPUT.QS14.ALL,2015-08-19 04:10:40.327642,2015-08-19 07:08:01.006744,02:57:20.679102,10640.679102
PERF.THRUPUT.QS10.Q4,2015-08-19 07:06:51.440703,2015-08-19 07:08:32.22871,00:01:40.788007,100.788007
PERF.THRUPUT.QS10.Q8,2015-08-19 07:08:32.254201,2015-08-19 07:10:57.077437,00:02:24.823236,144.823236
PERF.THRUPUT.QS13.Q15,2015-08-19 07:10:41.459242,2015-08-19 07:13:21.534284,00:02:40.075042,160.075042
PERF.THRUPUT.QS1.Q4,2015-08-19 07:14:41.842922,2015-08-19 07:15:43.403487,00:01:01.560565,61.560565
PERF.THRUPUT.QS16.Q11,2015-08-19 05:52:31.057217,2015-08-19 05:53:33.918067,00:01:02.86085,62.86085
PERF.THRUPUT.QS15.Q15,2015-08-19 05:50:13.814638,2015-08-19 05:54:55.473307,00:04:41.658669,281.658669
PERF.THRUPUT.QS14.Q20,2015-08-19 05:38:18.803099,2015-08-19 05:56:15.86056,00:17:57.057461,1077.057461
PERF.THRUPUT.RFST9.RF2,2015-08-19 05:51:28.045676,2015-08-19 05:57:32.246959,00:06:04.201283,364.201283
PERF.THRUPUT.RFST9,2015-08-19 05:48:07.454891,2015-08-19 05:57:32.261296,00:09:24.806405,564.806405
PERF.THRUPUT.QS4.Q10,2015-08-19 05:51:42.766952,2015-08-19 05:57:47.019082,00:06:04.25213,364.25213
PERF.THRUPUT.QS9.Q15,2015-08-19 05:53:28.759837,2015-08-19 05:58:14.43332,00:04:45.673483,285.673483
PERF.THRUPUT.QS16.Q15,2015-08-19 05:53:33.936673,2015-08-19 05:58:23.246908,00:04:49.310235,289.310235
PERF.THRUPUT.QS12.Q5,2015-08-19 05:53:25.558579,2015-08-19 05:58:37.014528,00:05:11.455949,311.455949
PERF.THRUPUT.QS6.Q18,2015-08-19 05:44:14.010919,2015-08-19 05:58:38.78629,00:14:24.775371,864.775371
PERF.THRUPUT.QS13.Q9,2015-08-19 05:18:01.653671,2015-08-19 05:58:51.754421,00:40:50.10075,2450.10075
PERF.THRUPUT.QS5.Q5,2015-08-19 05:53:15.521555,2015-08-19 05:58:53.945218,00:05:38.423663,338.423663
PERF.THRUPUT.QS15.Q5,2015-08-19 05:54:55.487426,2015-08-19 06:00:18.090098,00:05:22.602672,322.602672
PERF.THRUPUT.QS14.Q15,2015-08-19 05:56:15.88517,2015-08-19 06:00:45.695211,00:04:29.810041,269.810041
PERF.THRUPUT.QS13.Q16,2015-08-19 05:58:51.776335,2015-08-19 06:01:45.087459,00:02:53.311124,173.311124
PERF.THRUPUT.QS9.Q4,2015-08-19 05:58:14.465023,2015-08-19 06:02:02.552198,00:03:48.087175,228.087175
PERF.THRUPUT.QS15.Q22,2015-08-19 06:00:22.799154,2015-08-19 06:02:13.698132,00:01:50.898978,110.898978
PERF.THRUPUT.QS16.Q8,2015-08-19 05:58:23.268677,2015-08-19 06:02:18.008873,00:03:54.740196,234.740196
PERF.THRUPUT.RFST10.RF1,2015-08-19 05:57:32.286367,2015-08-19 06:02:22.281812,00:04:49.995445,289.995445
PERF.THRUPUT.QS5.Q8,2015-08-19 05:58:53.977891,2015-08-19 06:02:43.088268,00:03:49.110377,229.110377
PERF.THRUPUT.QS6.Q12,2015-08-19 05:58:38.827395,2015-08-19 06:02:50.256353,00:04:11.428958,251.428958
PERF.THRUPUT.QS8.Q16,2015-08-19 06:00:31.185875,2015-08-19 06:02:53.582167,00:02:22.396292,142.396292
PERF.THRUPUT.QS14.Q16,2015-08-19 06:00:45.71406,2015-08-19 06:03:08.644366,00:02:22.930306,142.930306
PERF.THRUPUT.QS14.Q17,2015-08-19 06:03:08.661648,2015-08-19 06:03:15.515495,00:00:06.853847,6.853847
PERF.THRUPUT.QS9.Q22,2015-08-19 06:02:02.594788,2015-08-19 06:03:51.050991,00:01:48.456203,108.456203
PERF.THRUPUT.QS3.Q10,2015-08-19 05:59:45.914741,2015-08-19 06:04:13.080487,00:04:27.165746,267.165746
PERF.THRUPUT.QS16.Q12,2015-08-19 06:02:18.030943,2015-08-19 06:05:37.936657,00:03:19.905714,199.905714
PERF.THRUPUT.QS13.Q6,2015-08-19 06:01:46.018053,2015-08-19 06:05:39.324652,00:03:53.306599,233.306599
PERF.THRUPUT.QS16.Q19,2015-08-19 06:05:37.957364,2015-08-19 06:05:50.562998,00:00:12.605634,12.605634
PERF.THRUPUT.QS8.Q6,2015-08-19 06:02:54.189742,2015-08-19 06:06:55.154086,00:04:00.964344,240.964344
PERF.THRUPUT.QS13.Q11,2015-08-19 06:05:39.343713,2015-08-19 06:07:01.468855,00:01:22.125142,82.125142
PERF.THRUPUT.QS1.Q10,2015-08-19 06:03:19.954217,2015-08-19 06:07:33.366066,00:04:13.411849,253.411849
PERF.THRUPUT.QS3.Q15,2015-08-19 06:04:13.097684,2015-08-19 06:08:13.025846,00:03:59.928162,239.928162
PERF.THRUPUT.QS8.Q22,2015-08-19 06:06:55.168977,2015-08-19 06:09:07.573655,00:02:12.404678,132.404678
PERF.THRUPUT.QS3.Q11,2015-08-19 06:08:13.043832,2015-08-19 06:09:20.805509,00:01:07.761677,67.761677
PERF.THRUPUT.RFST10.RF2,2015-08-19 06:02:22.294847,2015-08-19 06:09:54.723859,00:07:32.429012,452.429012
PERF.THRUPUT.RFST10,2015-08-19 05:57:32.276306,2015-08-19 06:09:54.738564,00:12:22.462258,742.462258
PERF.THRUPUT.QS4.Q18,2015-08-19 05:57:47.079765,2015-08-19 06:11:18.041074,00:13:30.961309,810.961309
PERF.THRUPUT.QS1.Q2,2015-08-19 06:07:33.382131,2015-08-19 06:11:27.215548,00:03:53.833417,233.833417
PERF.THRUPUT.QS13.Q2,2015-08-19 06:07:01.48527,2015-08-19 06:11:27.226974,00:04:25.741704,265.741704
PERF.THRUPUT.QS14.Q7,2015-08-19 06:03:15.530589,2015-08-19 06:11:35.952966,00:08:20.422377,500.422377
PERF.THRUPUT.RFST11.RF1,2015-08-19 06:09:54.76157,2015-08-19 06:14:05.237346,00:04:10.475776,250.475776
PERF.THRUPUT.QS8.Q10,2015-08-19 06:09:07.587453,2015-08-19 06:14:55.253159,00:05:47.665706,347.665706
PERF.THRUPUT.QS13.Q4,2015-08-19 06:11:27.256538,2015-08-19 06:15:13.752521,00:03:46.495983,226.495983
PERF.THRUPUT.QS1.Q8,2015-08-19 06:11:27.251755,2015-08-19 06:15:34.870655,00:04:07.6189,247.6189
PERF.THRUPUT.QS1.Q14,2015-08-19 06:15:34.888531,2015-08-19 06:17:08.19691,00:01:33.308379,93.308379
PERF.THRUPUT.QS1.Q19,2015-08-19 06:17:08.217006,2015-08-19 06:17:19.845594,00:00:11.628588,11.628588
PERF.THRUPUT.QS12.Q20,2015-08-19 05:58:37.046804,2015-08-19 06:17:49.520263,00:19:12.473459,1152.473459
PERF.THRUPUT.QS9.Q1,2015-08-19 06:03:51.068488,2015-08-19 06:17:56.543827,00:14:05.475339,845.475339
PERF.THRUPUT.QS7.Q19,2015-08-19 06:18:23.838631,2015-08-19 06:18:38.806746,00:00:14.968115,14.968115
PERF.THRUPUT.QS6.Q1,2015-08-19 06:02:50.288464,2015-08-19 06:19:33.042423,00:16:42.753959,1002.753959
PERF.THRUPUT.QS16.Q18,2015-08-19 06:05:50.579797,2015-08-19 06:20:05.206963,00:14:14.627166,854.627166
PERF.THRUPUT.RFST11.RF2,2015-08-19 06:14:05.249526,2015-08-19 06:20:08.582864,00:06:03.333338,363.333338
PERF.THRUPUT.RFST11,2015-08-19 06:09:54.751383,2015-08-19 06:20:08.594653,00:10:13.84327,613.84327
PERF.THRUPUT.QS9.Q14,2015-08-19 07:10:38.663867,2015-08-19 07:11:37.892355,00:00:59.228488,59.228488
PERF.THRUPUT.QS13.Q5,2015-08-19 06:15:13.773002,2015-08-19 06:20:20.262285,00:05:06.489283,306.489283
PERF.THRUPUT.QS2.Q1,2015-08-19 06:05:02.702338,2015-08-19 06:20:28.106201,00:15:25.403863,925.403863
PERF.THRUPUT.QS5.Q20,2015-08-19 06:02:43.104415,2015-08-19 06:21:35.217638,00:18:52.113223,1132.113223
PERF.THRUPUT.QS15.Q20,2015-08-19 06:02:13.800999,2015-08-19 06:21:35.54499,00:19:21.743991,1161.743991
PERF.THRUPUT.QS13.Q14,2015-08-19 06:20:20.292249,2015-08-19 06:21:58.464925,00:01:38.172676,98.172676
PERF.THRUPUT.QS2.Q4,2015-08-19 06:20:28.149697,2015-08-19 06:22:38.462856,00:02:10.313159,130.313159
PERF.THRUPUT.QS8.Q13,2015-08-19 06:14:55.317763,2015-08-19 06:24:05.392623,00:09:10.07486,550.07486
PERF.THRUPUT.QS15.Q1,2015-08-19 06:21:35.563081,2015-08-19 06:36:25.751915,00:14:50.188834,890.188834
PERF.THRUPUT.QS12.Q21,2015-08-19 06:17:49.53729,2015-08-19 06:41:58.866435,00:24:09.329145,1449.329145
PERF.THRUPUT.QS2.Q20,2015-08-19 06:22:38.496332,2015-08-19 06:44:14.025672,00:21:35.52934,1295.52934
PERF.THRUPUT.QS1.Q9,2015-08-19 06:17:19.861218,2015-08-19 06:59:17.551126,00:41:57.689908,2517.689908
PERF.THRUPUT.QS7.Q3,2015-08-19 06:18:38.824602,2015-08-19 06:24:17.65035,00:05:38.825748,338.825748
PERF.THRUPUT.RFST12.RF1,2015-08-19 06:20:08.616819,2015-08-19 06:24:23.540142,00:04:14.923323,254.923323
PERF.THRUPUT.QS4.Q1,2015-08-19 06:11:18.084568,2015-08-19 06:24:50.371091,00:13:32.286523,812.286523
PERF.THRUPUT.QS13.Q8,2015-08-19 06:21:58.533371,2015-08-19 06:25:26.208502,00:03:27.675131,207.675131
PERF.THRUPUT.QS5.Q12,2015-08-19 06:21:35.247163,2015-08-19 06:25:42.346153,00:04:07.09899,247.09899
PERF.THRUPUT.QS5.Q17,2015-08-19 06:25:42.368106,2015-08-19 06:25:45.916223,00:00:03.548117,3.548117
PERF.THRUPUT.QS6.Q5,2015-08-19 06:19:33.11959,2015-08-19 06:25:46.665108,00:06:13.545518,373.545518
PERF.THRUPUT.QS6.Q16,2015-08-19 06:25:46.680224,2015-08-19 06:28:07.991995,00:02:21.311771,141.311771
PERF.THRUPUT.RFST12.RF2,2015-08-19 06:24:23.553827,2015-08-19 06:30:23.778072,00:06:00.224245,360.224245
PERF.THRUPUT.QS5.Q10,2015-08-19 06:25:45.935753,2015-08-19 06:31:03.338195,00:05:17.402442,317.402442
PERF.THRUPUT.QS7.Q13,2015-08-19 06:24:17.695952,2015-08-19 06:33:30.242504,00:09:12.546552,552.546552
PERF.THRUPUT.QS4.Q13,2015-08-19 06:24:50.392916,2015-08-19 06:34:13.496418,00:09:23.103502,563.103502
PERF.THRUPUT.QS7.Q5,2015-08-19 06:33:30.657663,2015-08-19 06:38:17.737858,00:04:47.080195,287.080195
PERF.THRUPUT.QS10.Q3,2015-08-19 06:34:14.019883,2015-08-19 06:39:25.857547,00:05:11.837664,311.837664
PERF.THRUPUT.RFST13.RF2,2015-08-19 06:36:14.322444,2015-08-19 06:42:19.941338,00:06:05.618894,365.618894
PERF.THRUPUT.QS14.Q14,2015-08-19 06:41:44.525799,2015-08-19 06:43:12.472105,00:01:27.946306,87.946306
PERF.THRUPUT.QS10.Q16,2015-08-19 06:39:25.921316,2015-08-19 06:43:14.857096,00:03:48.93578,228.93578
PERF.THRUPUT.QS14.Q19,2015-08-19 06:43:12.530199,2015-08-19 06:43:26.771159,00:00:14.24096,14.24096
PERF.THRUPUT.QS4.Q22,2015-08-19 06:42:58.37304,2015-08-19 06:44:48.156364,00:01:49.783324,109.783324
PERF.THRUPUT.QS15.Q13,2015-08-19 06:36:25.771805,2015-08-19 06:44:53.179396,00:08:27.407591,507.407591
PERF.THRUPUT.QS13.Q20,2015-08-19 06:25:26.225573,2015-08-19 06:45:47.440007,00:20:21.214434,1221.214434
PERF.THRUPUT.RFST14.RF1,2015-08-19 06:42:19.975878,2015-08-19 06:46:08.645908,00:03:48.67003,228.67003
PERF.THRUPUT.QS14.Q8,2015-08-19 06:43:26.821838,2015-08-19 06:47:04.349492,00:03:37.527654,217.527654
PERF.THRUPUT.QS14.Q22,2015-08-19 06:47:04.365361,2015-08-19 06:48:55.723544,00:01:51.358183,111.358183
PERF.THRUPUT.QS11.Q21,2015-08-19 06:26:22.277357,2015-08-19 06:49:17.044199,00:22:54.766842,1374.766842
PERF.THRUPUT.QS2.Q3,2015-08-19 06:44:14.065505,2015-08-19 06:49:20.596334,00:05:06.530829,306.530829
PERF.THRUPUT.QS15.Q2,2015-08-19 06:45:05.372238,2015-08-19 06:49:28.456487,00:04:23.084249,263.084249
PERF.THRUPUT.QS12.Q13,2015-08-19 06:41:58.882323,2015-08-19 06:49:37.360276,00:07:38.477953,458.477953
PERF.THRUPUT.QS4.Q3,2015-08-19 06:44:48.401798,2015-08-19 06:49:49.063582,00:05:00.661784,300.661784
PERF.THRUPUT.QS14.Q11,2015-08-19 06:48:55.738109,2015-08-19 06:50:08.96061,00:01:13.222501,73.222501
PERF.THRUPUT.QS7.Q10,2015-08-19 06:45:16.085684,2015-08-19 06:50:32.2003,00:05:16.114616,316.114616
PERF.THRUPUT.QS2.Q11,2015-08-19 06:49:20.61071,2015-08-19 06:50:33.880356,00:01:13.269646,73.269646
PERF.THRUPUT.QS15.Q4,2015-08-19 06:49:28.47605,2015-08-19 06:51:36.620547,00:02:08.144497,128.144497
PERF.THRUPUT.RFST14.RF2,2015-08-19 06:46:08.661646,2015-08-19 06:52:28.881747,00:06:20.220101,380.220101
PERF.THRUPUT.QS7.Q16,2015-08-19 06:50:32.220576,2015-08-19 06:53:21.189203,00:02:48.968627,168.968627
PERF.THRUPUT.QS6.Q20,2015-08-19 06:34:13.523084,2015-08-19 06:53:33.742834,00:19:20.21975,1160.21975
PERF.THRUPUT.QS3.Q21,2015-08-19 06:32:06.722002,2015-08-19 06:53:56.050024,00:21:49.328022,1309.328022
PERF.THRUPUT.QS12.Q10,2015-08-19 06:49:37.377993,2015-08-19 06:54:14.95237,00:04:37.574377,277.574377
PERF.THRUPUT.QS12.Q19,2015-08-19 06:54:15.160982,2015-08-19 06:54:25.806725,00:00:10.645743,10.645743
PERF.THRUPUT.QS14.Q10,2015-08-19 06:50:08.978778,2015-08-19 06:55:12.090074,00:05:03.111296,303.111296
PERF.THRUPUT.QS13.Q13,2015-08-19 06:45:47.736633,2015-08-19 06:56:58.715034,00:11:10.978401,670.978401
PERF.THRUPUT.QS16.ALL,2015-08-19 04:10:40.321624,2015-08-19 06:57:47.193645,02:47:06.872021,10026.872021
PERF.THRUPUT.QS7.Q6,2015-08-19 06:53:21.235049,2015-08-19 06:58:12.447603,00:04:51.212554,291.212554
PERF.THRUPUT.QS7.Q14,2015-08-19 06:58:12.462261,2015-08-19 07:00:14.406586,00:02:01.944325,121.944325
PERF.THRUPUT.QS12.Q3,2015-08-19 06:54:25.846351,2015-08-19 07:00:41.279093,00:06:15.432742,375.432742
PERF.THRUPUT.QS14.Q3,2015-08-19 06:55:12.344423,2015-08-19 07:00:58.725213,00:05:46.38079,346.38079
PERF.THRUPUT.QS11.Q13,2015-08-19 06:53:23.479649,2015-08-19 07:01:03.88276,00:07:40.403111,460.403111
PERF.THRUPUT.QS12.Q14,2015-08-19 07:00:41.293934,2015-08-19 07:02:14.692788,00:01:33.398854,93.398854
PERF.THRUPUT.QS1.Q22,2015-08-19 06:59:17.565962,2015-08-19 07:02:16.881479,00:02:59.315517,179.315517
PERF.THRUPUT.RFST15.RF2,2015-08-19 06:57:01.77481,2015-08-19 07:03:52.359035,00:06:50.584225,410.584225
PERF.THRUPUT.RFST15,2015-08-19 06:52:28.902899,2015-08-19 07:03:52.373102,00:11:23.470203,683.470203
PERF.THRUPUT.QS3.Q13,2015-08-19 06:54:22.924361,2015-08-19 07:04:02.114967,00:09:39.190606,579.190606
PERF.THRUPUT.QS14.Q12,2015-08-19 07:00:58.740221,2015-08-19 07:04:27.168381,00:03:28.42816,208.42816
PERF.THRUPUT.QS11.Q6,2015-08-19 07:01:03.896918,2015-08-19 07:04:29.694242,00:03:25.797324,205.797324
PERF.THRUPUT.QS10.Q20,2015-08-19 06:43:14.88606,2015-08-19 07:04:35.833631,00:21:20.947571,1280.947571
PERF.THRUPUT.QS7.Q15,2015-08-19 07:00:14.420853,2015-08-19 07:04:40.365105,00:04:25.944252,265.944252
PERF.THRUPUT.QS11.Q19,2015-08-19 07:04:29.717563,2015-08-19 07:04:49.703033,00:00:19.98547,19.98547
PERF.THRUPUT.QS10.Q19,2015-08-19 07:04:35.850988,2015-08-19 07:04:57.30228,00:00:21.451292,21.451292
PERF.THRUPUT.QS8.Q18,2015-08-19 06:50:52.214602,2015-08-19 07:05:40.912662,00:14:48.69806,888.69806
PERF.THRUPUT.QS15.Q18,2015-08-19 06:51:36.64031,2015-08-19 07:06:05.452912,00:14:28.812602,868.812602
PERF.THRUPUT.QS15.ALL,2015-08-19 04:10:40.311985,2015-08-19 07:06:05.479348,02:55:25.167363,10525.167363
PERF.THRUPUT.QS12.Q15,2015-08-19 07:02:14.709433,2015-08-19 07:06:35.657681,00:04:20.948248,260.948248
PERF.THRUPUT.QS12.ALL,2015-08-19 04:10:40.312169,2015-08-19 07:06:35.672002,02:55:55.359833,10555.359833
PERF.THRUPUT.QS10.Q11,2015-08-19 07:04:57.33427,2015-08-19 07:06:51.413735,00:01:54.079465,114.079465
PERF.THRUPUT.QS8.Q11,2015-08-19 07:05:40.938607,2015-08-19 07:06:57.271747,00:01:16.33314,76.33314
PERF.THRUPUT.QS8.ALL,2015-08-19 04:10:40.299675,2015-08-19 07:06:57.297899,02:56:16.998224,10576.998224
PERF.THRUPUT.QS4.Q20,2015-08-19 06:49:49.080374,2015-08-19 07:10:40.526424,00:20:51.44605,1251.44605
PERF.THRUPUT.QS13.Q18,2015-08-19 06:56:58.7361,2015-08-19 07:10:41.446684,00:13:42.710584,822.710584
PERF.THRUPUT.QS11.Q7,2015-08-19 07:04:49.830841,2015-08-19 07:11:48.696405,00:06:58.865564,418.865564
PERF.THRUPUT.QS6.Q21,2015-08-19 06:53:36.790859,2015-08-19 07:13:32.713459,00:19:55.9226,1195.9226
PERF.THRUPUT.RFST16,2015-08-19 07:03:52.393039,2015-08-19 07:14:20.899349,00:10:28.50631,628.50631
PERF.THRUPUT.QS1.Q1,2015-08-19 07:02:16.896638,2015-08-19 07:14:41.830088,00:12:24.93345,744.93345
