ctime,datname,numbackends,xact_commit,xact_rollback,blks_read,blks_hit,tup_returned,tup_fetched,tup_inserted,tup_updated,tup_deleted
1439954172.24462,template1,0,0,0,0,0,0,0,0,0,0
1439954172.24462,template0,0,0,0,0,0,0,0,0,0,0
1439954172.24462,postgres,0,3,0,55,851,614,513,0,0,0
1439954172.24462,dbt3,13,74,0,211,5146,2694,2218,229,1,0
1439954232.24654,template1,0,0,0,0,0,0,0,0,0,0
1439954232.24654,template0,0,0,0,0,0,0,0,0,0,0
1439954232.24654,postgres,0,5,0,60,922,1577,524,0,0,0
1439954232.24654,dbt3,10,113,0,47419,192399,4010729,5540,1000270,3,0
1439954292.2484,template1,0,0,0,0,0,0,0,0,0,0
1439954292.2484,template0,0,0,0,0,0,0,0,0,0,0
1439954292.2484,postgres,0,7,0,60,998,2540,535,0,0,0
1439954292.2484,dbt3,17,140,0,1016346,1976496,19016055,7584,36000276,3,0
1439954352.24998,template1,0,0,0,0,0,0,0,0,0,0
1439954352.24998,template0,0,0,0,0,0,0,0,0,0,0
1439954352.24998,postgres,0,9,0,60,1074,3503,546,0,0,0
1439954352.24998,dbt3,11,167,0,4374345,2556808,154022978,10534,36000326,5,0
1439954412.2523,template1,0,0,0,0,0,0,0,0,0,0
1439954412.2523,template0,0,0,0,0,0,0,0,0,0,0
1439954412.2523,postgres,0,11,0,60,1150,4466,557,0,0,0
1439954412.2523,dbt3,9,183,0,5179094,2565513,194028164,12344,36000334,5,0
1439954472.25361,template1,0,0,0,0,0,0,0,0,0,0
1439954472.25361,template0,0,0,0,0,0,0,0,0,0,0
1439954472.25361,postgres,0,13,0,60,1226,5429,568,0,0,0
1439954472.25361,dbt3,8,203,0,6477015,2999051,214034332,14441,36000351,5,0
1439954532.25593,template1,0,0,0,0,0,0,0,0,0,0
1439954532.25593,template0,0,0,0,0,0,0,0,0,0,0
1439954532.25593,postgres,0,15,0,60,1302,6392,579,0,0,0
1439954532.25593,dbt3,9,218,0,8194355,7400384,214039327,16029,116000351,5,0
1439954592.25728,template1,0,0,0,0,0,0,0,0,0,0
1439954592.25728,template0,0,0,0,0,0,0,0,0,0,0
1439954592.25728,postgres,0,17,0,60,1378,7355,590,0,0,0
1439954592.25728,dbt3,8,233,0,9901971,7405248,294044403,17699,116000355,5,0
1439954652.2593,template1,0,0,0,0,0,0,0,0,0,0
1439954652.2593,template0,0,0,0,0,0,0,0,0,0,0
1439954652.2593,postgres,0,19,0,60,1454,8318,601,0,0,0
1439954652.2593,dbt3,8,249,0,13317107,7412416,454049594,19465,116000363,7,0
1439954712.26021,template1,0,0,0,0,0,0,0,0,0,0
1439954712.26021,template0,0,0,0,0,0,0,0,0,0,0
1439954712.26021,postgres,0,21,0,60,1530,9281,612,0,0,0
1439954712.26021,dbt3,7,265,0,15493322,9127762,454055475,21237,116000371,7,0
1439954772.26164,template1,0,0,0,0,0,0,0,0,0,0
1439954772.26164,template0,0,0,0,0,0,0,0,0,0,0
1439954772.26164,postgres,0,23,0,60,1606,10244,623,0,0,0
1439954772.26164,dbt3,7,277,0,15493322,9130408,454060464,22795,116000371,7,0
1439954832.26501,template1,0,0,0,0,0,0,0,0,0,0
1439954832.26501,template0,0,0,0,0,0,0,0,0,0,0
1439954832.26501,postgres,0,25,0,60,1682,11207,634,0,0,0
1439954832.26501,dbt3,9,295,0,18026819,14571791,454065509,24406,266000371,7,0
1439954892.26661,template1,0,0,0,0,0,0,0,0,0,0
1439954892.26661,template0,0,0,0,0,0,0,0,0,0,0
1439954892.26661,postgres,0,27,0,60,1758,12170,645,0,0,0
1439954892.26661,dbt3,9,309,0,18026819,14574442,454070500,25966,266000371,7,0
1439954952.26631,template1,0,0,0,0,0,0,0,0,0,0
1439954952.26631,template0,0,0,0,0,0,0,0,0,0,0
1439954952.26631,postgres,0,29,0,60,1834,13133,656,0,0,0
1439954952.26631,dbt3,8,324,0,18981736,16155271,604075668,27702,266000377,7,0
1439955012.26916,template1,0,0,0,0,0,0,0,0,0,0
1439955012.26916,template0,0,0,0,0,0,0,0,0,0,0
1439955012.26916,postgres,0,31,0,60,1910,14096,667,0,0,0
1439955012.26916,dbt3,8,338,0,18981736,16157926,604080674,29264,266000377,7,0
1439955072.27066,template1,0,0,0,0,0,0,0,0,0,0
1439955072.27066,template0,0,0,0,0,0,0,0,0,0,0
1439955072.27066,postgres,0,33,0,60,1986,15059,678,0,0,0
1439955072.27066,dbt3,7,353,0,20736622,16938796,754085871,31013,266000383,7,0
1439955132.27273,template1,0,0,0,0,0,0,0,0,0,0
1439955132.27273,template0,0,0,0,0,0,0,0,0,0,0
1439955132.27273,postgres,0,35,0,60,2062,16022,689,0,0,0
1439955132.27273,dbt3,7,367,0,20736622,16941455,754090892,32577,266000383,7,0
1439955192.27416,template1,0,0,0,0,0,0,0,0,0,0
1439955192.27416,template0,0,0,0,0,0,0,0,0,0,0
1439955192.27416,postgres,0,37,0,60,2138,16985,700,0,0,0
1439955192.27416,dbt3,5,384,0,29590699,19486887,1054097092,34631,266000400,8,0
1439955252.27511,template1,0,0,0,0,0,0,0,0,0,0
1439955252.27511,template0,0,0,0,0,0,0,0,0,0,0
1439955252.27511,postgres,0,39,0,60,2214,17948,711,0,0,0
1439955252.27511,dbt3,6,397,0,29590699,19489569,1054102138,36206,266000400,8,0
1439955312.27674,template1,0,0,0,0,0,0,0,0,0,0
1439955312.27674,template0,0,0,0,0,0,0,0,0,0,0
1439955312.27674,postgres,0,41,0,60,2290,18911,722,0,0,0
1439955312.27674,dbt3,6,409,0,29590699,19492227,1054107172,37770,266000400,8,0
1439955372.27897,template1,0,0,0,0,0,0,0,0,0,0
1439955372.27897,template0,0,0,0,0,0,0,0,0,0,0
1439955372.27897,postgres,0,43,0,60,2366,19874,733,0,0,0
1439955372.27897,dbt3,6,421,0,29590699,19494885,1054112206,39334,266000400,8,0
1439955432.28146,template1,0,0,0,0,0,0,0,0,0,0
1439955432.28146,template0,0,0,0,0,0,0,0,0,0,0
1439955432.28146,postgres,0,45,0,60,2442,20837,744,0,0,0
1439955432.28146,dbt3,6,433,0,29590699,19497543,1054117240,40898,266000400,8,0
1439955492.28415,template1,0,0,0,0,0,0,0,0,0,0
1439955492.28415,template0,0,0,0,0,0,0,0,0,0,0
1439955492.28415,postgres,0,47,0,60,2518,21800,755,0,0,0
1439955492.28415,dbt3,6,445,0,29590699,19500201,1054122274,42462,266000400,8,0
1439955552.28653,template1,0,0,0,0,0,0,0,0,0,0
1439955552.28653,template0,0,0,0,0,0,0,0,0,0,0
1439955552.28653,postgres,0,49,0,60,2594,22763,766,0,0,0
1439955552.28653,dbt3,6,457,0,29590699,19502859,1054127308,44026,266000400,8,0
1439955612.28803,template1,0,0,0,0,0,0,0,0,0,0
1439955612.28803,template0,0,0,0,0,0,0,0,0,0,0
1439955612.28803,postgres,0,51,0,60,2670,23726,777,0,0,0
1439955612.28803,dbt3,6,469,0,29590699,19505517,1054132342,45590,266000400,8,0
1439955672.2897,template1,0,0,0,0,0,0,0,0,0,0
1439955672.2897,template0,0,0,0,0,0,0,0,0,0,0
1439955672.2897,postgres,0,53,0,60,2746,24689,788,0,0,0
1439955672.2897,dbt3,6,481,0,29590699,19508175,1054137376,47154,266000400,8,0
1439955732.29139,template1,0,0,0,0,0,0,0,0,0,0
1439955732.29139,template0,0,0,0,0,0,0,0,0,0,0
1439955732.29139,postgres,0,55,0,60,2822,25652,799,0,0,0
1439955732.29139,dbt3,6,493,0,29590699,19510833,1054142410,48718,266000400,8,0
1439955792.29416,template1,0,0,0,0,0,0,0,0,0,0
1439955792.29416,template0,0,0,0,0,0,0,0,0,0,0
1439955792.29416,postgres,0,57,0,60,2898,26615,810,0,0,0
1439955792.29416,dbt3,6,505,0,29590699,19513491,1054147444,50282,266000400,8,0
1439955852.29573,template1,0,0,0,0,0,0,0,0,0,0
1439955852.29573,template0,0,0,0,0,0,0,0,0,0,0
1439955852.29573,postgres,0,59,0,60,2974,27578,821,0,0,0
1439955852.29573,dbt3,6,518,0,29590699,19516228,1054152526,51894,266000400,8,0
1439955912.29663,template1,0,0,0,0,0,0,0,0,0,0
1439955912.29663,template0,0,0,0,0,0,0,0,0,0,0
1439955912.29663,postgres,0,61,0,60,3050,28541,832,0,0,0
1439955912.29663,dbt3,6,529,0,29590699,19518807,1054157512,53410,266000400,8,0
1439955972.29852,template1,0,0,0,0,0,0,0,0,0,0
1439955972.29852,template0,0,0,0,0,0,0,0,0,0,0
1439955972.29852,postgres,0,63,0,60,3126,29504,843,0,0,0
1439955972.29852,dbt3,6,541,0,29590699,19521465,1054162546,54974,266000400,8,0
1439956032.30295,template1,0,0,0,0,0,0,0,0,0,0
1439956032.30295,template0,0,0,0,0,0,0,0,0,0,0
1439956032.30295,postgres,0,65,0,60,3202,30467,854,0,0,0
1439956032.30295,dbt3,4,555,0,29590699,19524610,1054168216,56833,266000400,8,0
1439956092.30295,template1,0,0,0,0,0,0,0,0,0,0
1439956092.30295,template0,0,0,0,0,0,0,0,0,0,0
1439956092.30295,postgres,0,67,0,60,3278,31430,865,0,0,0
1439956092.30295,dbt3,6,565,0,29590699,19526781,1054172614,58102,266000400,8,0
1439956152.30518,template1,0,0,0,0,0,0,0,0,0,0
1439956152.30518,template0,0,0,0,0,0,0,0,0,0,0
1439956152.30518,postgres,0,69,0,60,3354,32393,876,0,0,0
1439956152.30518,dbt3,6,577,0,29590699,19529439,1054177648,59666,266000400,8,0
1439956212.30723,template1,0,0,0,0,0,0,0,0,0,0
1439956212.30723,template0,0,0,0,0,0,0,0,0,0,0
1439956212.30723,postgres,0,71,0,60,3430,33356,887,0,0,0
1439956212.30723,dbt3,6,589,0,29590699,19532097,1054182682,61230,266000400,8,0
1439956272.30964,template1,0,0,0,0,0,0,0,0,0,0
1439956272.30964,template0,0,0,0,0,0,0,0,0,0,0
1439956272.30964,postgres,0,73,0,60,3506,34319,898,0,0,0
1439956272.30964,dbt3,6,601,0,29590699,19534755,1054187716,62794,266000400,8,0
1439956332.31117,template1,0,0,0,0,0,0,0,0,0,0
1439956332.31117,template0,0,0,0,0,0,0,0,0,0,0
1439956332.31117,postgres,0,75,0,60,3582,35282,909,0,0,0
1439956332.31117,dbt3,6,613,0,29590699,19537413,1054192750,64358,266000400,8,0
1439956392.31368,template1,0,0,0,0,0,0,0,0,0,0
1439956392.31368,template0,0,0,0,0,0,0,0,0,0,0
1439956392.31368,postgres,0,77,0,60,3658,36245,920,0,0,0
1439956392.31368,dbt3,6,625,0,29590699,19540071,1054197784,65922,266000400,8,0
1439956452.31997,template1,0,0,0,0,0,0,0,0,0,0
1439956452.31997,template0,0,0,0,0,0,0,0,0,0,0
1439956452.31997,postgres,0,79,0,60,3734,37208,931,0,0,0
1439956452.31997,dbt3,6,637,0,29590699,19542729,1054202818,67486,266000400,8,0
1439956512.3203,template1,0,0,0,0,0,0,0,0,0,0
1439956512.3203,template0,0,0,0,0,0,0,0,0,0,0
1439956512.3203,postgres,0,81,0,60,3810,38171,942,0,0,0
1439956512.3203,dbt3,6,649,0,29590699,19545387,1054207852,69050,266000400,8,0
1439956572.32185,template1,0,0,0,0,0,0,0,0,0,0
1439956572.32185,template0,0,0,0,0,0,0,0,0,0,0
1439956572.32185,postgres,0,83,0,60,3886,39134,953,0,0,0
1439956572.32185,dbt3,6,661,0,29590699,19548045,1054212886,70614,266000400,8,0
1439956632.32383,template1,0,0,0,0,0,0,0,0,0,0
1439956632.32383,template0,0,0,0,0,0,0,0,0,0,0
1439956632.32383,postgres,0,85,0,60,3962,40097,964,0,0,0
1439956632.32383,dbt3,6,673,0,29590699,19550703,1054217920,72178,266000400,8,0
1439956692.32588,template1,0,0,0,0,0,0,0,0,0,0
1439956692.32588,template0,0,0,0,0,0,0,0,0,0,0
1439956692.32588,postgres,0,87,0,60,4038,41060,975,0,0,0
1439956692.32588,dbt3,6,685,0,29590699,19553361,1054222954,73742,266000400,8,0
1439956752.3281,template1,0,0,0,0,0,0,0,0,0,0
1439956752.3281,template0,0,0,0,0,0,0,0,0,0,0
1439956752.3281,postgres,1,87,0,60,4038,41060,975,0,0,0
1439956752.3281,dbt3,6,699,0,29590699,19556506,1054228624,75601,266000400,8,0
1439956812.33042,template1,0,0,0,0,0,0,0,0,0,0
1439956812.33042,template0,0,0,0,0,0,0,0,0,0,0
1439956812.33042,postgres,0,89,0,60,4114,42023,986,0,0,0
1439956812.33042,dbt3,6,713,0,29590699,19560953,1054236851,78276,266000400,8,0
1439956872.3325,template1,0,0,0,0,0,0,0,0,0,0
1439956872.3325,template0,0,0,0,0,0,0,0,0,0,0
1439956872.3325,postgres,0,91,0,60,4190,42986,997,0,0,0
1439956872.3325,dbt3,6,721,0,29590699,19561335,1054238056,78434,266000400,8,0
1439956932.34273,template1,0,0,0,0,0,0,0,0,0,0
1439956932.34273,template0,0,0,0,0,0,0,0,0,0,0
1439956932.34273,postgres,0,93,0,60,4266,43949,1008,0,0,0
1439956932.34273,dbt3,13,744,0,40250487,42655431,1054243213,80113,866038302,8,0
1439956992.34054,template1,0,0,0,0,0,0,0,0,0,0
1439956992.34054,template0,0,0,0,0,0,0,0,0,0,0
1439956992.34054,postgres,0,95,0,60,4342,44912,1019,0,0,0
1439956992.34054,dbt3,13,758,0,40250487,42658094,1054248249,81679,866038302,8,0
1439957052.34265,template1,0,0,0,0,0,0,0,0,0,0
1439957052.34265,template0,0,0,0,0,0,0,0,0,0,0
1439957052.34265,postgres,0,97,0,60,4418,45875,1030,0,0,0
1439957052.34265,dbt3,13,772,0,40250487,42660757,1054253285,83245,866038302,8,0
1439957112.34473,template1,0,0,0,0,0,0,0,0,0,0
1439957112.34473,template0,0,0,0,0,0,0,0,0,0,0
1439957112.34473,postgres,0,99,0,60,4494,46838,1041,0,0,0
1439957112.34473,dbt3,13,786,0,40250487,42663420,1054258321,84811,866038302,8,0
1439957172.34574,template1,0,0,0,0,0,0,0,0,0,0
1439957172.34574,template0,0,0,0,0,0,0,0,0,0,0
1439957172.34574,postgres,0,101,0,60,4570,47801,1052,0,0,0
1439957172.34574,dbt3,13,800,0,40250487,42666083,1054263357,86377,866038302,8,0
1439957232.34817,template1,0,0,0,0,0,0,0,0,0,0
1439957232.34817,template0,0,0,0,0,0,0,0,0,0,0
1439957232.34817,postgres,0,103,0,60,4646,48764,1063,0,0,0
1439957232.34817,dbt3,13,814,0,40250487,42668746,1054268393,87943,866038302,8,0
1439957292.34928,template1,0,0,0,0,0,0,0,0,0,0
1439957292.34928,template0,0,0,0,0,0,0,0,0,0,0
1439957292.34928,postgres,0,105,0,60,4722,49727,1074,0,0,0
1439957292.34928,dbt3,12,828,0,40250487,42671409,1054273432,89509,866038302,8,0
1439957352.35156,template1,0,0,0,0,0,0,0,0,0,0
1439957352.35156,template0,0,0,0,0,0,0,0,0,0,0
1439957352.35156,postgres,0,107,0,60,4798,50690,1085,0,0,0
1439957352.35156,dbt3,12,842,0,40250487,42674076,1054278483,91077,866038302,8,0
1439957412.35293,template1,0,0,0,0,0,0,0,0,0,0
1439957412.35293,template0,0,0,0,0,0,0,0,0,0,0
1439957412.35293,postgres,0,109,0,60,4874,51653,1096,0,0,0
1439957412.35293,dbt3,12,856,0,40250487,42676743,1054283534,92645,866038302,8,0
1439957472.35539,template1,0,0,0,0,0,0,0,0,0,0
1439957472.35539,template0,0,0,0,0,0,0,0,0,0,0
1439957472.35539,postgres,0,111,0,60,4950,52616,1107,0,0,0
1439957472.35539,dbt3,12,870,0,40250487,42679410,1054288585,94213,866038302,8,0
1439957532.35679,template1,0,0,0,0,0,0,0,0,0,0
1439957532.35679,template0,0,0,0,0,0,0,0,0,0,0
1439957532.35679,postgres,0,113,0,60,5026,53579,1118,0,0,0
1439957532.35679,dbt3,12,884,0,40250487,42682077,1054293636,95781,866038302,8,0
1439957592.35865,template1,0,0,0,0,0,0,0,0,0,0
1439957592.35865,template0,0,0,0,0,0,0,0,0,0,0
1439957592.35865,postgres,0,115,0,60,5102,54542,1129,0,0,0
1439957592.35865,dbt3,11,899,0,48638907,44953713,1654336756,97512,866038308,8,0
1439957652.36094,template1,0,0,0,0,0,0,0,0,0,0
1439957652.36094,template0,0,0,0,0,0,0,0,0,0,0
1439957652.36094,postgres,0,117,0,60,5178,55505,1140,0,0,0
1439957652.36094,dbt3,11,913,0,48638907,44956384,1654341822,99082,866038308,8,0
1439957712.36273,template1,0,0,0,0,0,0,0,0,0,0
1439957712.36273,template0,0,0,0,0,0,0,0,0,0,0
1439957712.36273,postgres,0,119,0,60,5254,56468,1151,0,0,0
1439957712.36273,dbt3,11,927,0,48638907,44959055,1654346888,100652,866038308,8,0
1439957772.36469,template1,0,0,0,0,0,0,0,0,0,0
1439957772.36469,template0,0,0,0,0,0,0,0,0,0,0
1439957772.36469,postgres,0,121,0,60,5330,57431,1162,0,0,0
1439957772.36469,dbt3,10,942,0,58435102,45822897,2254390031,102393,866038312,8,0
1439957832.36769,template1,0,0,0,0,0,0,0,0,0,0
1439957832.36769,template0,0,0,0,0,0,0,0,0,0,0
1439957832.36769,postgres,0,123,0,60,5406,58394,1173,0,0,0
1439957832.36769,dbt3,7,959,0,67815036,47103572,2854433945,104550,866038320,8,0
1439957892.36867,template1,0,0,0,0,0,0,0,0,0,0
1439957892.36867,template0,0,0,0,0,0,0,0,0,0,0
1439957892.36867,postgres,0,125,0,60,5482,59357,1184,0,0,0
1439957892.36867,dbt3,9,971,0,67815036,47105764,2854438401,105829,866038320,8,0
1439957952.37135,template1,0,0,0,0,0,0,0,0,0,0
1439957952.37135,template0,0,0,0,0,0,0,0,0,0,0
1439957952.37135,postgres,0,127,0,60,5558,60320,1195,0,0,0
1439957952.37135,dbt3,9,985,0,67815036,47108443,2854443497,107403,866038320,8,0
1439958012.37305,template1,0,0,0,0,0,0,0,0,0,0
1439958012.37305,template0,0,0,0,0,0,0,0,0,0,0
1439958012.37305,postgres,0,129,0,60,5634,61283,1206,0,0,0
1439958012.37305,dbt3,9,999,0,67815036,47111122,2854448593,108977,866038320,8,0
1439958072.37457,template1,0,0,0,0,0,0,0,0,0,0
1439958072.37457,template0,0,0,0,0,0,0,0,0,0,0
1439958072.37457,postgres,0,131,0,60,5710,62246,1217,0,0,0
1439958072.37457,dbt3,9,1013,0,67815036,47113801,2854453689,110551,866038320,8,0
1439958132.37665,template1,0,0,0,0,0,0,0,0,0,0
1439958132.37665,template0,0,0,0,0,0,0,0,0,0,0
1439958132.37665,postgres,0,133,0,60,5786,63209,1228,0,0,0
1439958132.37665,dbt3,9,1027,0,67815036,47116480,2854458785,112125,866038320,8,0
1439958192.37838,template1,0,0,0,0,0,0,0,0,0,0
1439958192.37838,template0,0,0,0,0,0,0,0,0,0,0
1439958192.37838,postgres,0,135,0,60,5862,64172,1239,0,0,0
1439958192.37838,dbt3,9,1041,0,67815036,47119159,2854463881,113699,866038320,8,0
1439958252.38078,template1,0,0,0,0,0,0,0,0,0,0
1439958252.38078,template0,0,0,0,0,0,0,0,0,0,0
1439958252.38078,postgres,0,137,0,60,5938,65135,1250,0,0,0
1439958252.38078,dbt3,9,1055,0,67815036,47121838,2854468977,115273,866038320,8,0
1439958312.38247,template1,0,0,0,0,0,0,0,0,0,0
1439958312.38247,template0,0,0,0,0,0,0,0,0,0,0
1439958312.38247,postgres,0,139,0,60,6014,66098,1261,0,0,0
1439958312.38247,dbt3,9,1069,0,67815036,47124517,2854474073,116847,866038320,8,0
1439958372.3844,template1,0,0,0,0,0,0,0,0,0,0
1439958372.3844,template0,0,0,0,0,0,0,0,0,0,0
1439958372.3844,postgres,0,141,0,60,6090,67061,1272,0,0,0
1439958372.3844,dbt3,9,1083,0,67815036,47127196,2854479169,118421,866038320,8,0
1439958432.38639,template1,0,0,0,0,0,0,0,0,0,0
1439958432.38639,template0,0,0,0,0,0,0,0,0,0,0
1439958432.38639,postgres,0,143,0,60,6166,68024,1283,0,0,0
1439958432.38639,dbt3,9,1097,0,67815036,47129875,2854484265,119995,866038320,8,0
1439958492.38822,template1,0,0,0,0,0,0,0,0,0,0
1439958492.38822,template0,0,0,0,0,0,0,0,0,0,0
1439958492.38822,postgres,0,145,0,60,6242,68987,1294,0,0,0
1439958492.38822,dbt3,9,1111,0,67815036,47132554,2854489361,121569,866038320,8,0
1439958552.39003,template1,0,0,0,0,0,0,0,0,0,0
1439958552.39003,template0,0,0,0,0,0,0,0,0,0,0
1439958552.39003,postgres,0,147,0,60,6318,69950,1305,0,0,0
1439958552.39003,dbt3,9,1125,0,67815036,47135233,2854494457,123143,866038320,8,0
1439958612.39235,template1,0,0,0,0,0,0,0,0,0,0
1439958612.39235,template0,0,0,0,0,0,0,0,0,0,0
1439958612.39235,postgres,0,149,0,60,6394,70913,1316,0,0,0
1439958612.39235,dbt3,9,1139,0,67815036,47137912,2854499553,124717,866038320,8,0
1439958672.39434,template1,0,0,0,0,0,0,0,0,0,0
1439958672.39434,template0,0,0,0,0,0,0,0,0,0,0
1439958672.39434,postgres,0,151,0,60,6470,71876,1327,0,0,0
1439958672.39434,dbt3,9,1153,0,67815036,47140591,2854504649,126291,866038320,8,0
1439958732.39629,template1,0,0,0,0,0,0,0,0,0,0
1439958732.39629,template0,0,0,0,0,0,0,0,0,0,0
1439958732.39629,postgres,0,153,0,60,6546,72839,1338,0,0,0
1439958732.39629,dbt3,9,1167,0,67815036,47143270,2854509745,127865,866038320,8,0
1439958792.39763,template1,0,0,0,0,0,0,0,0,0,0
1439958792.39763,template0,0,0,0,0,0,0,0,0,0,0
1439958792.39763,postgres,0,155,0,60,6622,73802,1349,0,0,0
1439958792.39763,dbt3,9,1181,0,67815036,47145949,2854514841,129439,866038320,8,0
1439958852.39958,template1,0,0,0,0,0,0,0,0,0,0
1439958852.39958,template0,0,0,0,0,0,0,0,0,0,0
1439958852.39958,postgres,0,157,0,60,6698,74765,1360,0,0,0
1439958852.39958,dbt3,9,1195,0,67815036,47148628,2854519937,131013,866038320,8,0
1439958912.40176,template1,0,0,0,0,0,0,0,0,0,0
1439958912.40176,template0,0,0,0,0,0,0,0,0,0,0
1439958912.40176,postgres,0,159,0,60,6774,75728,1371,0,0,0
1439958912.40176,dbt3,8,1210,0,77380611,48243206,3454563248,132899,866038328,8,0
1439958972.40445,template1,0,0,0,0,0,0,0,0,0,0
1439958972.40445,template0,0,0,0,0,0,0,0,0,0,0
1439958972.40445,postgres,0,161,0,60,6850,76691,1382,0,0,0
1439958972.40445,dbt3,8,1224,0,77380611,48245889,3454568359,134475,866038328,8,0
1439959032.40512,template1,0,0,0,0,0,0,0,0,0,0
1439959032.40512,template0,0,0,0,0,0,0,0,0,0,0
1439959032.40512,postgres,0,163,0,60,6926,77654,1393,0,0,0
1439959032.40512,dbt3,8,1238,0,77380611,48248572,3454573470,136051,866038328,8,0
1439959092.40696,template1,0,0,0,0,0,0,0,0,0,0
1439959092.40696,template0,0,0,0,0,0,0,0,0,0,0
1439959092.40696,postgres,0,165,0,60,7002,78617,1404,0,0,0
1439959092.40696,dbt3,8,1252,0,77380611,48251255,3454578581,137627,866038328,8,0
1439959152.40868,template1,0,0,0,0,0,0,0,0,0,0
1439959152.40868,template0,0,0,0,0,0,0,0,0,0,0
1439959152.40868,postgres,0,167,0,60,7078,79580,1415,0,0,0
1439959152.40868,dbt3,8,1266,0,77380611,48253938,3454583692,139203,866038328,8,0
1439959212.4104,template1,0,0,0,0,0,0,0,0,0,0
1439959212.4104,template0,0,0,0,0,0,0,0,0,0,0
1439959212.4104,postgres,0,169,0,60,7154,80543,1426,0,0,0
1439959212.4104,dbt3,8,1280,0,77380611,48256621,3454588803,140779,866038328,8,0
1439959272.41205,template1,0,0,0,0,0,0,0,0,0,0
1439959272.41205,template0,0,0,0,0,0,0,0,0,0,0
1439959272.41205,postgres,0,171,0,60,7230,81506,1437,0,0,0
1439959272.41205,dbt3,8,1294,0,77380611,48259304,3454593914,142355,866038328,8,0
1439959332.41519,template1,0,0,0,0,0,0,0,0,0,0
1439959332.41519,template0,0,0,0,0,0,0,0,0,0,0
1439959332.41519,postgres,0,173,0,60,7306,82469,1448,0,0,0
1439959332.41519,dbt3,8,1308,0,77380611,48261987,3454599025,143931,866038328,8,0
1439959392.41737,template1,0,0,0,0,0,0,0,0,0,0
1439959392.41737,template0,0,0,0,0,0,0,0,0,0,0
1439959392.41737,postgres,0,175,0,60,7382,83432,1459,0,0,0
1439959392.41737,dbt3,8,1322,0,77380611,48264670,3454604136,145507,866038328,8,0
1439959452.41832,template1,0,0,0,0,0,0,0,0,0,0
1439959452.41832,template0,0,0,0,0,0,0,0,0,0,0
1439959452.41832,postgres,0,177,0,60,7458,84395,1470,0,0,0
1439959452.41832,dbt3,8,1336,0,77380611,48267353,3454609247,147083,866038328,8,0
1439959512.42104,template1,0,0,0,0,0,0,0,0,0,0
1439959512.42104,template0,0,0,0,0,0,0,0,0,0,0
1439959512.42104,postgres,0,179,0,60,7534,85358,1481,0,0,0
1439959512.42104,dbt3,8,1350,0,77380611,48270036,3454614358,148659,866038328,8,0
1439959572.42318,template1,0,0,0,0,0,0,0,0,0,0
1439959572.42318,template0,0,0,0,0,0,0,0,0,0,0
1439959572.42318,postgres,0,181,0,60,7610,86321,1492,0,0,0
1439959572.42318,dbt3,8,1364,0,77380611,48272719,3454619469,150235,866038328,8,0
1439959632.42507,template1,0,0,0,0,0,0,0,0,0,0
1439959632.42507,template0,0,0,0,0,0,0,0,0,0,0
1439959632.42507,postgres,0,183,0,60,7686,87284,1503,0,0,0
1439959632.42507,dbt3,8,1378,0,77380611,48275402,3454624580,151811,866038328,8,0
1439959692.4268,template1,0,0,0,0,0,0,0,0,0,0
1439959692.4268,template0,0,0,0,0,0,0,0,0,0,0
1439959692.4268,postgres,0,185,0,60,7762,88247,1514,0,0,0
1439959692.4268,dbt3,7,1393,0,86273313,50042815,4054667873,153663,866038334,8,0
1439959752.42888,template1,0,0,0,0,0,0,0,0,0,0
1439959752.42888,template0,0,0,0,0,0,0,0,0,0,0
1439959752.42888,postgres,0,187,0,60,7838,89210,1525,0,0,0
1439959752.42888,dbt3,7,1407,0,86273313,50045502,4054672999,155241,866038334,8,0
1439959812.43127,template1,0,0,0,0,0,0,0,0,0,0
1439959812.43127,template0,0,0,0,0,0,0,0,0,0,0
1439959812.43127,postgres,0,189,0,60,7914,90173,1536,0,0,0
1439959812.43127,dbt3,7,1421,0,86273313,50048189,4054678125,156819,866038334,8,0
1439959872.4325,template1,0,0,0,0,0,0,0,0,0,0
1439959872.4325,template0,0,0,0,0,0,0,0,0,0,0
1439959872.4325,postgres,0,191,0,60,7990,91136,1547,0,0,0
1439959872.4325,dbt3,7,1435,0,86273313,50050876,4054683251,158397,866038334,8,0
1439959932.43476,template1,0,0,0,0,0,0,0,0,0,0
1439959932.43476,template0,0,0,0,0,0,0,0,0,0,0
1439959932.43476,postgres,0,193,0,60,8066,92099,1558,0,0,0
1439959932.43476,dbt3,7,1449,0,86273313,50053563,4054688377,159975,866038334,8,0
1439959992.43713,template1,0,0,0,0,0,0,0,0,0,0
1439959992.43713,template0,0,0,0,0,0,0,0,0,0,0
1439959992.43713,postgres,0,195,0,60,8142,93062,1569,0,0,0
1439959992.43713,dbt3,7,1463,0,86273313,50056250,4054693503,161553,866038334,8,0
1439960052.43858,template1,0,0,0,0,0,0,0,0,0,0
1439960052.43858,template0,0,0,0,0,0,0,0,0,0,0
1439960052.43858,postgres,0,197,0,60,8218,94025,1580,0,0,0
1439960052.43858,dbt3,7,1477,0,86273313,50058937,4054698629,163131,866038334,8,0
1439960112.4403,template1,0,0,0,0,0,0,0,0,0,0
1439960112.4403,template0,0,0,0,0,0,0,0,0,0,0
1439960112.4403,postgres,0,199,0,60,8294,94988,1591,0,0,0
1439960112.4403,dbt3,7,1491,0,86273313,50061624,4054703755,164709,866038334,8,0
1439960172.44272,template1,0,0,0,0,0,0,0,0,0,0
1439960172.44272,template0,0,0,0,0,0,0,0,0,0,0
1439960172.44272,postgres,0,201,0,60,8370,95951,1602,0,0,0
1439960172.44272,dbt3,7,1505,0,86273313,50064311,4054708881,166287,866038334,8,0
1439960232.44508,template1,0,0,0,0,0,0,0,0,0,0
1439960232.44508,template0,0,0,0,0,0,0,0,0,0,0
1439960232.44508,postgres,0,203,0,60,8446,96914,1613,0,0,0
1439960232.44508,dbt3,7,1519,0,86273313,50066998,4054714007,167865,866038334,8,0
1439960292.44715,template1,0,0,0,0,0,0,0,0,0,0
1439960292.44715,template0,0,0,0,0,0,0,0,0,0,0
1439960292.44715,postgres,0,205,0,60,8522,97877,1624,0,0,0
1439960292.44715,dbt3,7,1533,0,86273313,50069685,4054719133,169443,866038334,8,0
1439960352.44942,template1,0,0,0,0,0,0,0,0,0,0
1439960352.44942,template0,0,0,0,0,0,0,0,0,0,0
1439960352.44942,postgres,0,207,0,60,8598,98840,1635,0,0,0
1439960352.44942,dbt3,7,1547,0,86273313,50072372,4054724259,171021,866038334,8,0
1439960412.45268,template1,0,0,0,0,0,0,0,0,0,0
1439960412.45268,template0,0,0,0,0,0,0,0,0,0,0
1439960412.45268,postgres,0,209,0,60,8674,99803,1646,0,0,0
1439960412.45268,dbt3,7,1561,0,86273313,50075059,4054729385,172599,866038334,8,0
1439960472.45466,template1,0,0,0,0,0,0,0,0,0,0
1439960472.45466,template0,0,0,0,0,0,0,0,0,0,0
1439960472.45466,postgres,0,211,0,60,8750,100766,1657,0,0,0
1439960472.45466,dbt3,7,1575,0,86273313,50077746,4054734511,174177,866038334,8,0
1439960532.45635,template1,0,0,0,0,0,0,0,0,0,0
1439960532.45635,template0,0,0,0,0,0,0,0,0,0,0
1439960532.45635,postgres,0,213,0,60,8826,101729,1668,0,0,0
1439960532.45635,dbt3,7,1589,0,86273313,50080433,4054739637,175755,866038334,8,0
1439960592.4585,template1,0,0,0,0,0,0,0,0,0,0
1439960592.4585,template0,0,0,0,0,0,0,0,0,0,0
1439960592.4585,postgres,0,215,0,60,8902,102692,1679,0,0,0
1439960592.4585,dbt3,7,1603,0,86273313,50083120,4054744763,177333,866038334,8,0
1439960652.46089,template1,0,0,0,0,0,0,0,0,0,0
1439960652.46089,template0,0,0,0,0,0,0,0,0,0,0
1439960652.46089,postgres,0,217,0,60,8978,103655,1690,0,0,0
1439960652.46089,dbt3,6,1618,0,107567191,50106557,5254825948,179162,866038342,10,0
1439960712.46229,template1,0,0,0,0,0,0,0,0,0,0
1439960712.46229,template0,0,0,0,0,0,0,0,0,0,0
1439960712.46229,postgres,0,219,0,60,9054,104618,1701,0,0,0
1439960712.46229,dbt3,6,1632,0,107567191,50109248,5254831089,180742,866038342,10,0
1439960772.46486,template1,0,0,0,0,0,0,0,0,0,0
1439960772.46486,template0,0,0,0,0,0,0,0,0,0,0
1439960772.46486,postgres,0,221,0,60,9130,105581,1712,0,0,0
1439960772.46486,dbt3,6,1646,0,107567191,50111939,5254836230,182322,866038342,10,0
1439960832.46646,template1,0,0,0,0,0,0,0,0,0,0
1439960832.46646,template0,0,0,0,0,0,0,0,0,0,0
1439960832.46646,postgres,0,223,0,60,9206,106544,1723,0,0,0
1439960832.46646,dbt3,6,1662,0,118214082,50125156,5854879438,184062,866038349,10,0
1439960892.46914,template1,0,0,0,0,0,0,0,0,0,0
1439960892.46914,template0,0,0,0,0,0,0,0,0,0,0
1439960892.46914,postgres,0,225,0,60,9282,107507,1734,0,0,0
1439960892.46914,dbt3,7,1667,0,118214082,50127650,5854883455,185576,866038349,10,0
1439960952.47162,template1,0,0,0,0,0,0,0,0,0,0
1439960952.47162,template0,0,0,0,0,0,0,0,0,0,0
1439960952.47162,postgres,0,225,0,60,9282,107507,1734,0,0,0
1439960952.47162,dbt3,6,1667,0,118214082,50127650,5854883455,185576,866038349,10,0
1439961012.47352,template1,0,0,0,0,0,0,0,0,0,0
1439961012.47352,template0,0,0,0,0,0,0,0,0,0,0
1439961012.47352,postgres,0,227,0,60,9358,108470,1745,0,0,0
1439961012.47352,dbt3,6,1689,0,118214082,50128130,5854885772,185747,866038349,10,0
1439961072.47568,template1,0,0,0,0,0,0,0,0,0,0
1439961072.47568,template0,0,0,0,0,0,0,0,0,0,0
1439961072.47568,postgres,0,229,0,60,9434,109433,1756,0,0,0
1439961072.47568,dbt3,6,1703,0,118214082,50130825,5854890928,187329,866038349,10,0
1439961132.4778,template1,0,0,0,0,0,0,0,0,0,0
1439961132.4778,template0,0,0,0,0,0,0,0,0,0,0
1439961132.4778,postgres,0,231,0,60,9510,110396,1767,0,0,0
1439961132.4778,dbt3,6,1717,0,118214082,50133520,5854896084,188911,866038349,10,0
1439961192.48094,template1,0,0,0,0,0,0,0,0,0,0
1439961192.48094,template0,0,0,0,0,0,0,0,0,0,0
1439961192.48094,postgres,0,233,0,60,9586,111359,1778,0,0,0
1439961192.48094,dbt3,5,1732,0,118214082,50136490,5854901775,190679,866038349,10,0
1439961252.4828,template1,0,0,0,0,0,0,0,0,0,0
1439961252.4828,template0,0,0,0,0,0,0,0,0,0,0
1439961252.4828,postgres,0,235,0,60,9662,112322,1789,0,0,0
1439961252.4828,dbt3,6,1745,0,118214082,50138910,5854906396,192075,866038349,10,0
